size_mb,compressor,orig_bytes,comp_bytes,ratio,comp_wall_s,comp_cpu_s,comp_mbps,comp_cpu_pct,decomp_wall_s,decomp_cpu_s,decomp_mbps,decomp_cpu_pct,roundtrip
1,openzl-1t,1048704,206517,5.078,0.012140,0.012106,86.4,99.7,0.003427,0.003424,306.0,99.9,PASS
1,openzl-8t,1048704,224220,4.677,0.004883,0.019054,214.8,390.2,0.001150,0.005583,912.0,485.5,PASS
1,zstd-1t -9,1048704,261265,4.014,0.015643,0.015413,67.0,98.5,0.001075,0.001007,975.2,93.6,PASS
1,zstd-8t -9,1048704,284077,3.692,0.005150,0.022736,203.6,441.5,0.000506,0.001693,2072.7,334.6,PASS
1,snappy-1t,1048704,476998,2.199,0.002164,0.002165,484.6,100.0,0.000510,0.000510,2057.5,100.1,PASS
2,openzl-1t,2097292,405730,5.169,0.031254,0.031016,67.1,99.2,0.008648,0.008597,242.5,99.4,PASS
2,openzl-8t,2097292,432035,4.854,0.008567,0.035153,244.8,410.3,0.002444,0.011095,858.2,454.0,PASS
2,zstd-1t -9,2097292,519055,4.041,0.033792,0.033708,62.1,99.8,0.002181,0.002178,961.8,99.9,PASS
2,zstd-8t -9,2097292,533971,3.928,0.009342,0.042175,224.5,451.5,0.000683,0.002387,3071.3,349.6,PASS
2,snappy-1t,2097292,953971,2.198,0.003545,0.003546,591.6,100.0,0.000859,0.000860,2441.9,100.1,PASS
5,openzl-1t,5242925,991974,5.285,0.059181,0.058845,88.6,99.4,0.016081,0.016079,326.0,100.0,PASS
5,openzl-8t,5242925,1050634,4.990,0.012098,0.069684,433.4,576.0,0.004772,0.020920,1098.8,438.4,PASS
5,zstd-1t -9,5242925,1296932,4.043,0.071673,0.071654,73.2,100.0,0.004631,0.004632,1132.2,100.0,PASS
5,zstd-8t -9,5242925,1307438,4.010,0.020239,0.101866,259.0,503.3,0.000934,0.005678,5610.7,607.6,PASS
5,snappy-1t,5242925,2385647,2.198,0.007784,0.007782,673.6,100.0,0.001873,0.001873,2799.6,100.0,PASS
10,openzl-1t,10485864,1956469,5.360,0.122411,0.121501,85.7,99.3,0.032442,0.032436,323.2,100.0,PASS
10,openzl-8t,10485864,2055253,5.102,0.024497,0.155460,428.0,634.6,0.009565,0.040729,1096.3,425.8,PASS
10,zstd-1t -9,10485864,2587460,4.053,0.148058,0.147996,70.8,100.0,0.009114,0.009116,1150.5,100.0,PASS
10,zstd-8t -9,10485864,2603245,4.028,0.032031,0.233914,327.4,730.3,0.001742,0.011615,6020.4,666.9,PASS
10,snappy-1t,10485864,4768709,2.199,0.015476,0.015478,677.5,100.0,0.003747,0.003746,2798.5,100.0,PASS
20,openzl-1t,20971667,3849384,5.448,0.227472,0.227223,92.2,99.9,0.064637,0.064639,324.5,100.0,PASS
20,openzl-8t,20971667,4017226,5.220,0.052916,0.330750,396.3,625.0,0.012711,0.083027,1649.9,653.2,PASS
20,zstd-1t -9,20971667,5147035,4.075,0.297382,0.297384,70.5,100.0,0.020916,0.020918,1002.7,100.0,PASS
20,zstd-8t -9,20971667,5180822,4.048,0.079346,0.528807,264.3,666.5,0.003781,0.024849,5546.0,657.1,PASS
20,snappy-1t,20971667,9535307,2.199,0.041440,0.041443,506.1,100.0,0.007711,0.007712,2719.8,100.0,PASS
50,openzl-1t,52428910,9340095,5.613,0.751757,0.710361,69.7,94.5,0.180391,0.180026,290.6,99.8,PASS
50,openzl-8t,52428910,9881698,5.306,0.175751,1.043327,298.3,593.6,0.072116,0.305506,727.0,423.6,PASS
50,zstd-1t -9,52428910,12851293,4.080,0.758931,0.758930,69.1,100.0,0.051712,0.051713,1013.9,100.0,PASS
50,zstd-8t -9,52428910,12897578,4.065,0.264150,1.714657,198.5,649.1,0.018198,0.097521,2881.0,535.9,PASS
50,snappy-1t,52428910,23834277,2.200,0.078198,0.077936,670.5,99.7,0.018970,0.018928,2763.7,99.8,PASS
