file,raw_bytes,method,settings,compressed_bytes,ratio,compress_s,decompress_s,compress_peak_mb,roundtrip
DRR206632,1243630445,gzip,gzip -9,216738868,5.738,239.6,10.5,3,OK
DRR206632,1243630445,pigz,pigz -9 -p48,217014299,5.731,7.2,3.0,14,OK
DRR206632,1243630445,zstd,zstd -19 --long=27 -T48,142571102,8.723,43.6,4.0,2898,OK
DRR206632,1243630445,7zip,7z a -mx=9 -mmt=48,116269516,10.696,136.9,2.8,12101,OK
DRR206632,1243630445,xz,xz -9e -T48 --block-size=192MiB,116453216,10.679,375.2,8.2,5297,OK
DRR206632,1243630445,spring,spring -c -t48,52776960,23.564,42.6,17.0,4173,OK
DRR206632,1243630445,ours,NYX_CLUSTER=auto L19 fastq_illumina.zc,108271581,11.486,20.8,5.9,2539,OK
ERR4186945_1,11906696971,gzip,gzip -9,2182654493,5.455,3310.9,60.9,3,OK
ERR4186945_1,11906696971,pigz,pigz -9 -p48,2185330527,5.448,69.7,29.8,14,OK
ERR4186945_1,11906696971,zstd,zstd -19 --long=27 -T48,1764821764,6.747,240.7,12.7,7711,OK
ERR4186945_1,11906696971,7zip,7z a -mx=9 -mmt=48,1667043392,7.142,414.7,14.4,62600,OK
ERR4186945_1,11906696971,xz,xz -9e -T48 --block-size=192MiB,1621366488,7.344,546.7,135.8,40983,OK
ERR4186945_1,11906696971,spring,spring -c -t48,939366400,12.675,376.6,125.4,15026,OK
ERR4186945_1,11906696971,ours,NYX_CLUSTER=auto L19 fastq_illumina.zc,1485376899,8.016,215.7,91.4,3267,OK
ERR9539079,14643049497,gzip,gzip -9,2691736230,5.440,2301.6,75.9,3,OK
ERR9539079,14643049497,pigz,pigz -9 -p48,2694629668,5.434,49.3,39.9,14,OK
ERR9539079,14643049497,zstd,zstd -19 --long=27 -T48,2227956121,6.572,266.0,14.6,7686,OK
ERR9539079,14643049497,7zip,7z a -mx=9 -mmt=48,2154854148,6.795,549.9,17.5,62653,OK
ERR9539079,14643049497,xz,xz -9e -T48 --block-size=192MiB,2104668312,6.957,432.6,123.0,42313,OK
ERR9539079,14643049497,spring,spring -c -t48,1632655360,8.969,304.6,98.5,11484,OK
ERR9539079,14643049497,ours,NYX_CLUSTER=auto L19 fastq_illumina.zc,1613057008,9.078,184.3,78.1,2679,OK
ERR9539086,8378114689,gzip,gzip -9,1646570059,5.088,1826.1,46.4,3,OK
ERR9539086,8378114689,pigz,pigz -9 -p48,1648182213,5.083,28.6,23.1,14,OK
ERR9539086,8378114689,zstd,zstd -19 --long=27 -T48,1362941232,6.147,227.9,39.0,7779,OK
ERR9539086,8378114689,7zip,7z a -mx=9 -mmt=48,1312476926,6.383,389.4,132.7,62711,OK
ERR9539086,8378114689,xz,xz -9e -T48 --block-size=192MiB,1289213344,6.499,382.9,72.9,35108,OK
ERR9539086,8378114689,spring,spring -c -t48,1117562880,7.497,468.2,109.4,8617,OK
ERR9539086,8378114689,ours,NYX_CLUSTER=auto L19 fastq_illumina.zc,1018452537,8.226,107.0,31.4,2736,OK
ERR9539093,12016137402,gzip,gzip -9,2244617427,5.353,2003.9,63.6,3,OK
ERR9539093,12016137402,pigz,pigz -9 -p48,2247046590,5.348,41.7,31.7,14,OK
ERR9539093,12016137402,zstd,zstd -19 --long=27 -T48,1860936216,6.457,217.5,13.0,7697,OK
ERR9539093,12016137402,7zip,7z a -mx=9 -mmt=48,1799661732,6.677,416.7,14.8,62664,OK
ERR9539093,12016137402,xz,xz -9e -T48 --block-size=192MiB,1760924640,6.824,415.1,100.6,41136,OK
ERR9539093,12016137402,spring,spring -c -t48,1450926080,8.282,301.5,100.2,10836,OK
ERR9539093,12016137402,ours,NYX_CLUSTER=auto L19 fastq_illumina.zc,1396245081,8.606,162.0,49.8,2602,OK
SRR062634_1,6430986673,gzip,gzip -9,1911238879,3.365,2551.4,42.2,3,OK
SRR062634_1,6430986673,pigz,pigz -9 -p48,1914101610,3.360,53.8,25.2,20,OK
SRR062634_1,6430986673,zstd,zstd -19 --long=27 -T48,1607625806,4.000,153.2,9.0,7985,OK
SRR062634_1,6430986673,7zip,7z a -mx=9 -mmt=48,1519200486,4.233,299.8,10.2,62955,OK
SRR062634_1,6430986673,xz,xz -9e -T48 --block-size=192MiB,1521561812,4.227,329.5,78.3,28407,OK
SRR062634_1,6430986673,spring,spring -c -t48,1121761280,5.733,109.2,39.3,11138,OK
SRR062634_1,6430986673,ours,NYX_CLUSTER=auto L19 fastq_illumina.zc,1425162764,4.512,136.9,25.4,2831,OK
SRR1770413_1,407600192,gzip,gzip -9,115422597,3.531,156.9,2.6,3,OK
SRR1770413_1,407600192,pigz,pigz -9 -p48,115543887,3.528,3.3,1.5,14,OK
SRR1770413_1,407600192,zstd,zstd -19 --long=27 -T48,62484330,6.523,46.0,0.5,1040,OK
SRR1770413_1,407600192,7zip,7z a -mx=9 -mmt=48,57949289,7.034,158.9,2.6,4085,OK
SRR1770413_1,407600192,xz,xz -9e -T48 --block-size=192MiB,57551548,7.082,236.4,3.9,1799,OK
SRR1770413_1,407600192,spring,spring -c -t48,41328640,9.862,16.9,8.4,2593,OK
SRR1770413_1,407600192,ours,NYX_CLUSTER=auto L19 fastq_illumina.zc,64269976,6.342,20.7,2.0,1906,OK
SRR8899104,27965580935,gzip,gzip -9,6888180200,4.060,5280.8,164.5,3,OK
SRR8899104,27965580935,pigz,pigz -9 -p48,6900223588,4.053,112.0,95.4,20,OK
SRR8899104,27965580935,zstd,zstd -19 --long=27 -T48,4831845315,5.788,578.2,33.4,7776,OK
SRR8899104,27965580935,7zip,7z a -mx=9 -mmt=48,4080403724,6.854,961.3,31.2,62705,OK
SRR8899104,27965580935,xz,xz -9e -T48 --block-size=192MiB,4090222028,6.837,673.4,272.7,44501,OK
SRR8899104,27965580935,spring,spring -c -t48,2918051840,9.584,331.6,155.2,8642,OK
SRR8899104,27965580935,ours,NYX_CLUSTER=auto L19 fastq_illumina.zc,4223518593,6.621,368.9,109.0,2553,OK
