file,format,orig_bytes,tool,settings,comp_bytes,ratio,comp_sec,decomp_sec,comp_maxrss_kb,roundtrip,notes
"T2T-CHM13v2.0_genomic.fna",FASTA,3156259565,gzip,-9,932395312,3.385,1828.77,22.95,3072,OK,
"T2T-CHM13v2.0_genomic.fna",FASTA,3156259565,pigz,-9 -p16,933185478,3.382,128.95,41.35,6144,OK,
"T2T-CHM13v2.0_genomic.fna",FASTA,3156259565,zstd,-19 --long=27 -T16,783372735,4.029,240.59,8.75,2924220,OK,
"T2T-CHM13v2.0_genomic.fna",FASTA,3156259565,xz,-9e -T16 --block-size=192MiB,751036108,4.203,278.04,39.13,13876924,OK,
"T2T-CHM13v2.0_genomic.fna",FASTA,3156259565,7z,-mx=9 -mmt=16,746204770,4.230,613.09,9.28,21660188,OK,
"T2T-CHM13v2.0_genomic.fna",FASTA,3156259565,our_method_openzl,universal-model/t16,712443311,4.430,4.80,0.78,274656,OK,byte-exact FASTA roundtrip; preprocess_sec=2.03; compress_sec=2.77; 
"T2T-CHM13v2.0_genomic.fna",FASTA,3156259565,harc_openzl,rl200/mf0.15/t16,748366938,4.218,18.86,1.72,825700,OK(zl-only),seq-lossless (non-ACGT->N); seq_validation_skipped; preprocess_sec=14.66; train_sec=190.06; compress_sec=4.20
"T2T-CHM13v2.0_genomic.fna",FASTA,3156259565,spring,n/a,,,,,,,SPRING supports FASTQ only - not applicable to FASTA
"GCF_000001405.40_GRCh38.p14_genomic.fna",FASTA,3339739109,gzip,-9,972579005,3.434,1872.20,24.90,3072,OK,
"GCF_000001405.40_GRCh38.p14_genomic.fna",FASTA,3339739109,pigz,-9 -p16,973423197,3.431,115.38,15.82,6912,OK,
"GCF_000001405.40_GRCh38.p14_genomic.fna",FASTA,3339739109,zstd,-19 --long=27 -T16,814153516,4.102,247.38,8.29,2915592,OK,
"GCF_000001405.40_GRCh38.p14_genomic.fna",FASTA,3339739109,xz,-9e -T16 --block-size=192MiB,779998832,4.282,342.56,42.31,14042032,OK,
"GCF_000001405.40_GRCh38.p14_genomic.fna",FASTA,3339739109,7z,-mx=9 -mmt=16,774319144,4.313,595.36,9.49,21657196,OK,
"GCF_000001405.40_GRCh38.p14_genomic.fna",FASTA,3339739109,our_method_openzl,universal-model/t16,745676849,4.479,4.18,1.22,286900,OK,byte-exact FASTA roundtrip; preprocess_sec=2.09; compress_sec=2.09; 
"GCF_000001405.40_GRCh38.p14_genomic.fna",FASTA,3339739109,harc_openzl,rl200/mf0.15/t16,773580168,4.317,18.85,1.40,820144,OK(zl-only),seq-lossless (non-ACGT->N); seq_validation_skipped; preprocess_sec=14.25; train_sec=174.75; compress_sec=4.60
"GCF_000001405.40_GRCh38.p14_genomic.fna",FASTA,3339739109,spring,n/a,,,,,,,SPRING supports FASTQ only - not applicable to FASTA
"GCF_000001635.27_GRCm39_genomic.fna",FASTA,2762330512,gzip,-9,833954819,3.312,1693.07,21.44,3072,OK,
"GCF_000001635.27_GRCm39_genomic.fna",FASTA,2762330512,pigz,-9 -p16,834694311,3.309,104.15,13.51,6912,OK,
"GCF_000001635.27_GRCm39_genomic.fna",FASTA,2762330512,zstd,-19 --long=27 -T16,669071838,4.129,223.01,7.13,2901396,OK,
"GCF_000001635.27_GRCm39_genomic.fna",FASTA,2762330512,xz,-9e -T16 --block-size=192MiB,642833112,4.297,274.80,33.27,12134116,OK,
"GCF_000001635.27_GRCm39_genomic.fna",FASTA,2762330512,7z,-mx=9 -mmt=16,640404491,4.313,596.47,9.37,21600148,OK,
"GCF_000001635.27_GRCm39_genomic.fna",FASTA,2762330512,our_method_openzl,universal-model/t16,610340856,4.526,3.81,1.18,254880,OK,byte-exact FASTA roundtrip; preprocess_sec=1.62; compress_sec=2.19; 
"GCF_000001635.27_GRCm39_genomic.fna",FASTA,2762330512,harc_openzl,rl200/mf0.15/t16,639772058,4.318,17.11,2.51,728600,OK(zl-only),seq-lossless (non-ACGT->N); seq_validation_skipped; preprocess_sec=12.97; train_sec=181.42; compress_sec=4.14
"GCF_000001635.27_GRCm39_genomic.fna",FASTA,2762330512,spring,n/a,,,,,,,SPRING supports FASTQ only - not applicable to FASTA
"GCF_018294505.1_IWGSC_CS_RefSeq_v2.1_genomic.fna",FASTA,14762960853,gzip,-9,4339367106,3.402,8938.95,103.66,3072,OK,
"GCF_018294505.1_IWGSC_CS_RefSeq_v2.1_genomic.fna",FASTA,14762960853,pigz,-9 -p16,4338159293,3.403,543.43,62.80,7680,OK,
"GCF_018294505.1_IWGSC_CS_RefSeq_v2.1_genomic.fna",FASTA,14762960853,zstd,-19 --long=27 -T16,2556353579,5.775,1050.96,37.91,2816308,OK,
"GCF_018294505.1_IWGSC_CS_RefSeq_v2.1_genomic.fna",FASTA,14762960853,xz,-9e -T16 --block-size=192MiB,2194225520,6.728,1293.58,151.03,15219252,OK,
"GCF_018294505.1_IWGSC_CS_RefSeq_v2.1_genomic.fna",FASTA,14762960853,7z,-mx=9 -mmt=16,2125181464,6.947,2268.17,30.41,21427176,OK,
"GCF_018294505.1_IWGSC_CS_RefSeq_v2.1_genomic.fna",FASTA,14762960853,our_method_openzl,universal-model/t16,2801530251,5.270,19.49,3.38,605272,OK,byte-exact FASTA roundtrip; preprocess_sec=11.78; compress_sec=7.71; 
"GCF_018294505.1_IWGSC_CS_RefSeq_v2.1_genomic.fna",FASTA,14762960853,harc_openzl,rl200/mf0.15/t16,2738048864,5.392,92.03,5.47,1674752,OK(zl-only),seq-lossless (non-ACGT->N); seq_validation_skipped; preprocess_sec=78.69; train_sec=152.02; compress_sec=13.34
"GCF_018294505.1_IWGSC_CS_RefSeq_v2.1_genomic.fna",FASTA,14762960853,spring,n/a,,,,,,,SPRING supports FASTQ only - not applicable to FASTA
"GRCh38_1GB_sample.fna",FASTA,1073734797,gzip,-9,325994727,3.294,632.79,8.34,3072,OK,
"GRCh38_1GB_sample.fna",FASTA,1073734797,pigz,-9 -p16,326312140,3.291,38.97,5.10,6144,OK,
"GRCh38_1GB_sample.fna",FASTA,1073734797,zstd,-19 --long=27 -T16,277381776,3.871,77.95,2.97,2677136,OK,
"GRCh38_1GB_sample.fna",FASTA,1073734797,xz,-9e -T16 --block-size=192MiB,266588080,4.028,254.33,14.23,5057004,OK,
"GRCh38_1GB_sample.fna",FASTA,1073734797,7z,-mx=9 -mmt=16,264497133,4.060,298.09,5.51,10775036,OK,
"GRCh38_1GB_sample.fna",FASTA,1073734797,our_method_openzl,universal-model/t16,251537542,4.269,3.10,0.64,218892,OK,byte-exact FASTA roundtrip; preprocess_sec=1.66; compress_sec=1.44; 
"GRCh38_1GB_sample.fna",FASTA,1073734797,harc_openzl,rl200/mf0.15/t16,261894836,4.100,13.15,0.81,610784,OK(zl-only),seq-lossless (non-ACGT->N); seq_validation_skipped; preprocess_sec=10.10; train_sec=175.01; compress_sec=3.05
"GRCh38_1GB_sample.fna",FASTA,1073734797,spring,n/a,,,,,,,SPRING supports FASTQ only - not applicable to FASTA
