File,Original_MB,Genozip_Ratio,Genozip_Comp_sec,Genozip_Decomp_sec,Genozip_Mem_MB
ALL.chr22.vcf,10692.95,214.15,39.35,29.15,22723.2
ERR9539086.fastq,7989.99,9.02,17.2,15.49,6279.65
HG002_GRCh38_1_22_v4.2.1_benchmark.vcf,2705.38,65.65,5.34,4.8,3165.3
HG002_GRCh38_benchmark.vcf,2705.38,65.69,5.6,5.62,3168.72
SRR8899104.fastq,26670.06,8.07,60.93,49.01,14468.45
cohort_59col.vcf,360.83,46.23,5.73,2.8,1208.64
cohort_59col_normalized.vcf,362.88,46.63,5.63,2.76,1286.17
sites_only_8col.vcf,148.69,22.35,2.4,1.14,809.56
trio_12col.vcf,160.78,23.69,2.63,1.13,927.2
