file,expected_archetype,predicted_archetype,classify_ok,method,orig_bytes,comp_bytes,ratio,comp_sec,decomp_sec,roundtrip,notes
"ALL.chr22.phase3_shapeit2_mvncall_integrated_v5b.20130502.genotypes.vcf",panel,panel,1,our_method_vcfzl,314571481,1681886,187.035,9.03,,OK,archetype_used=panel
"ALL.chr22.phase3_shapeit2_mvncall_integrated_v5b.20130502.genotypes.vcf",panel,panel,1,gzip,314571481,4467888,70.407,20.59,,OK,
"ALL.chr22.phase3_shapeit2_mvncall_integrated_v5b.20130502.genotypes.vcf",panel,panel,1,pigz,314571481,4492791,70.017,1.76,,OK,
"ALL.chr22.phase3_shapeit2_mvncall_integrated_v5b.20130502.genotypes.vcf",panel,panel,1,zstd,314571481,1911160,164.597,3.40,,OK,
"ALL.chr22.phase3_shapeit2_mvncall_integrated_v5b.20130502.genotypes.vcf",panel,panel,1,7z,314571481,1928527,163.115,10.87,,OK,
"ALL.chr22.phase3_shapeit2_mvncall_integrated_v5b.20130502.genotypes.vcf",panel,panel,1,xz,314571481,1567080,200.737,25.60,,OK,
"ALL.chr21.phase3_shapeit2_mvncall_integrated_v5b.20130502.genotypes.vcf",panel,panel,1,our_method_vcfzl,314566440,2413591,130.331,9.09,,OK,archetype_used=panel
"ALL.chr21.phase3_shapeit2_mvncall_integrated_v5b.20130502.genotypes.vcf",panel,panel,1,gzip,314566440,3897419,80.711,20.21,,OK,
"ALL.chr21.phase3_shapeit2_mvncall_integrated_v5b.20130502.genotypes.vcf",panel,panel,1,pigz,314566440,3912912,80.392,2.00,,OK,
"ALL.chr21.phase3_shapeit2_mvncall_integrated_v5b.20130502.genotypes.vcf",panel,panel,1,zstd,314566440,2762022,113.890,4.94,,OK,
"ALL.chr21.phase3_shapeit2_mvncall_integrated_v5b.20130502.genotypes.vcf",panel,panel,1,7z,314566440,2710997,116.033,10.22,,OK,
"ALL.chr21.phase3_shapeit2_mvncall_integrated_v5b.20130502.genotypes.vcf",panel,panel,1,xz,314566440,2340488,134.402,33.04,,OK,
"ALL.chr20.phase3_shapeit2_mvncall_integrated_v5b.20130502.genotypes.vcf.gz",panel,panel,1,our_method_vcfzl,314568693,2095684,150.103,9.10,,OK,archetype_used=panel
"ALL.chr20.phase3_shapeit2_mvncall_integrated_v5b.20130502.genotypes.vcf.gz",panel,panel,1,gzip,314568693,4999322,62.922,23.86,,OK,
"ALL.chr20.phase3_shapeit2_mvncall_integrated_v5b.20130502.genotypes.vcf.gz",panel,panel,1,pigz,314568693,5021190,62.648,1.88,,OK,
"ALL.chr20.phase3_shapeit2_mvncall_integrated_v5b.20130502.genotypes.vcf.gz",panel,panel,1,zstd,314568693,2338223,134.533,4.83,,OK,
"ALL.chr20.phase3_shapeit2_mvncall_integrated_v5b.20130502.genotypes.vcf.gz",panel,panel,1,7z,314568693,2385479,131.868,13.46,,OK,
"ALL.chr20.phase3_shapeit2_mvncall_integrated_v5b.20130502.genotypes.vcf.gz",panel,panel,1,xz,314568693,1920080,163.831,35.11,,OK,
"family-trio__chr22_3samp.vcf",family-trio,family-trio,1,our_method_vcfzl,168595206,9889673,17.048,3.93,,OK,archetype_used=family-trio
"family-trio__chr22_3samp.vcf",family-trio,family-trio,1,gzip,168595206,16565220,10.178,7.78,,OK,
"family-trio__chr22_3samp.vcf",family-trio,family-trio,1,pigz,168595206,16514582,10.209,0.51,,OK,
"family-trio__chr22_3samp.vcf",family-trio,family-trio,1,zstd,168595206,12766192,13.206,39.20,,OK,
"family-trio__chr22_3samp.vcf",family-trio,family-trio,1,7z,168595206,12806607,13.165,51.42,,OK,
"family-trio__chr22_3samp.vcf",family-trio,family-trio,1,xz,168595206,11757336,14.340,236.66,,OK,
"cohort__chr22_100samp.vcf",cohort,cohort,1,our_method_vcfzl,314572606,6321597,49.762,6.94,,OK,archetype_used=cohort
"cohort__chr22_100samp.vcf",cohort,cohort,1,gzip,314572606,12357710,25.456,13.69,,OK,
"cohort__chr22_100samp.vcf",cohort,cohort,1,pigz,314572606,12394849,25.379,0.88,,OK,
"cohort__chr22_100samp.vcf",cohort,cohort,1,zstd,314572606,8722909,36.063,7.66,,OK,
"cohort__chr22_100samp.vcf",cohort,cohort,1,7z,314572606,8570003,36.706,27.80,,OK,
"cohort__chr22_100samp.vcf",cohort,cohort,1,xz,314572606,7848288,40.082,89.30,,OK,
"sites-frequency__chr22_1000G.vcf",sites-frequency,sites-frequency,1,our_method_vcfzl,155913397,9493957,16.422,3.58,,OK,archetype_used=sites-frequency
"sites-frequency__chr22_1000G.vcf",sites-frequency,sites-frequency,1,gzip,155913397,16815343,9.272,9.27,,OK,
"sites-frequency__chr22_1000G.vcf",sites-frequency,sites-frequency,1,pigz,155913397,16759760,9.303,0.60,,OK,
"sites-frequency__chr22_1000G.vcf",sites-frequency,sites-frequency,1,zstd,155913397,12673031,12.303,39.34,,OK,
"sites-frequency__chr22_1000G.vcf",sites-frequency,sites-frequency,1,7z,155913397,12579782,12.394,52.82,,OK,
"sites-frequency__chr22_1000G.vcf",sites-frequency,sites-frequency,1,xz,155913397,11537216,13.514,213.29,,OK,
"family-trio__chr21_6samp.vcf",family-trio,family-trio,1,our_method_vcfzl,183107437,10179669,17.988,4.14,,OK,archetype_used=family-trio
"family-trio__chr21_6samp.vcf",family-trio,family-trio,1,gzip,183107437,16838821,10.874,7.59,,OK,
"family-trio__chr21_6samp.vcf",family-trio,family-trio,1,pigz,183107437,16789972,10.906,0.50,,OK,
"family-trio__chr21_6samp.vcf",family-trio,family-trio,1,zstd,183107437,12979426,14.108,39.65,,OK,
"family-trio__chr21_6samp.vcf",family-trio,family-trio,1,7z,183107437,12984488,14.102,52.85,,OK,
"family-trio__chr21_6samp.vcf",family-trio,family-trio,1,xz,183107437,11843724,15.460,249.62,,OK,
"cohort__chr21_250samp.vcf",cohort,cohort,1,our_method_vcfzl,314572463,7783911,40.413,7.66,,OK,archetype_used=cohort
"cohort__chr21_250samp.vcf",cohort,cohort,1,gzip,314572463,8050448,39.075,12.76,,OK,
"cohort__chr21_250samp.vcf",cohort,cohort,1,pigz,314572463,8160994,38.546,0.85,,OK,
"cohort__chr21_250samp.vcf",cohort,cohort,1,zstd,314572463,4975535,63.224,4.74,,OK,
"cohort__chr21_250samp.vcf",cohort,cohort,1,7z,314572463,5013906,62.740,17.06,,OK,
"cohort__chr21_250samp.vcf",cohort,cohort,1,xz,314572463,4571664,68.809,93.26,,OK,
"sites-frequency__chr21_1000G.vcf",sites-frequency,sites-frequency,1,our_method_vcfzl,156027399,9430574,16.545,3.52,,OK,archetype_used=sites-frequency
"sites-frequency__chr21_1000G.vcf",sites-frequency,sites-frequency,1,gzip,156027399,16776598,9.300,9.18,,OK,
"sites-frequency__chr21_1000G.vcf",sites-frequency,sites-frequency,1,pigz,156027399,16720650,9.331,0.62,,OK,
"sites-frequency__chr21_1000G.vcf",sites-frequency,sites-frequency,1,zstd,156027399,12652972,12.331,39.96,,OK,
"sites-frequency__chr21_1000G.vcf",sites-frequency,sites-frequency,1,7z,156027399,12559449,12.423,53.40,,OK,
"sites-frequency__chr21_1000G.vcf",sites-frequency,sites-frequency,1,xz,156027399,11514652,13.550,206.48,,OK,
"family-trio__chr20_10samp.vcf",family-trio,family-trio,1,our_method_vcfzl,314572782,16092361,19.548,6.52,,OK,archetype_used=family-trio
"family-trio__chr20_10samp.vcf",family-trio,family-trio,1,gzip,314572782,26517100,11.863,11.53,,OK,
"family-trio__chr20_10samp.vcf",family-trio,family-trio,1,pigz,314572782,26451628,11.892,0.75,,OK,
"family-trio__chr20_10samp.vcf",family-trio,family-trio,1,zstd,314572782,20389746,15.428,41.11,,OK,
"family-trio__chr20_10samp.vcf",family-trio,family-trio,1,7z,314572782,20446708,15.385,75.72,,OK,
"family-trio__chr20_10samp.vcf",family-trio,family-trio,1,xz,314572782,18536012,16.971,335.00,,OK,
"cohort__chr20_500samp.vcf",cohort,cohort,1,our_method_vcfzl,314571562,8513000,36.952,7.56,,OK,archetype_used=cohort
"cohort__chr20_500samp.vcf",cohort,cohort,1,gzip,314571562,6466727,48.645,14.66,,OK,
"cohort__chr20_500samp.vcf",cohort,cohort,1,pigz,314571562,6565754,47.911,0.97,,OK,
"cohort__chr20_500samp.vcf",cohort,cohort,1,zstd,314571562,3490804,90.114,3.97,,OK,
"cohort__chr20_500samp.vcf",cohort,cohort,1,7z,314571562,3547102,88.684,14.81,,OK,
"cohort__chr20_500samp.vcf",cohort,cohort,1,xz,314571562,3122036,100.758,75.44,,OK,
"sites-frequency__chr20_1000G.vcf",sites-frequency,sites-frequency,1,our_method_vcfzl,255043792,15046225,16.951,5.35,,OK,archetype_used=sites-frequency
"sites-frequency__chr20_1000G.vcf",sites-frequency,sites-frequency,1,gzip,255043792,27050019,9.429,15.01,,OK,
"sites-frequency__chr20_1000G.vcf",sites-frequency,sites-frequency,1,pigz,255043792,26960695,9.460,0.96,,OK,
"sites-frequency__chr20_1000G.vcf",sites-frequency,sites-frequency,1,zstd,255043792,20458269,12.467,40.96,,OK,
"sites-frequency__chr20_1000G.vcf",sites-frequency,sites-frequency,1,7z,255043792,20255967,12.591,94.62,,OK,
"sites-frequency__chr20_1000G.vcf",sites-frequency,sites-frequency,1,xz,255043792,18608344,13.706,325.61,,OK,
"sites-frequency__gnomad_v4_exomes_chrY.vcf.bgz",sites-frequency,sites-frequency,1,our_method_vcfzl,314568093,20616154,15.258,21.06,,OK,archetype_used=sites-frequency
"sites-frequency__gnomad_v4_exomes_chrY.vcf.bgz",sites-frequency,sites-frequency,1,gzip,314568093,21874568,14.381,7.40,,OK,
"sites-frequency__gnomad_v4_exomes_chrY.vcf.bgz",sites-frequency,sites-frequency,1,pigz,314568093,21839948,14.403,0.48,,OK,
"sites-frequency__gnomad_v4_exomes_chrY.vcf.bgz",sites-frequency,sites-frequency,1,zstd,314568093,14194183,22.162,30.52,,OK,
"sites-frequency__gnomad_v4_exomes_chrY.vcf.bgz",sites-frequency,sites-frequency,1,7z,314568093,14968363,21.016,53.68,,OK,
"sites-frequency__gnomad_v4_exomes_chrY.vcf.bgz",sites-frequency,sites-frequency,1,xz,314568093,12878000,24.427,111.26,,OK,
"sites-frequency__gnomad_v4_genomes_chrY.vcf.bgz",sites-frequency,sites-frequency,1,our_method_vcfzl,314572206,28421418,11.068,17.33,,OK,archetype_used=sites-frequency
"sites-frequency__gnomad_v4_genomes_chrY.vcf.bgz",sites-frequency,sites-frequency,1,gzip,314572206,33578998,9.368,9.54,,OK,
"sites-frequency__gnomad_v4_genomes_chrY.vcf.bgz",sites-frequency,sites-frequency,1,pigz,314572206,33445005,9.406,0.63,,OK,
"sites-frequency__gnomad_v4_genomes_chrY.vcf.bgz",sites-frequency,sites-frequency,1,zstd,314572206,22033583,14.277,42.92,,OK,
"sites-frequency__gnomad_v4_genomes_chrY.vcf.bgz",sites-frequency,sites-frequency,1,7z,314572206,21544305,14.601,62.06,,OK,
"sites-frequency__gnomad_v4_genomes_chrY.vcf.bgz",sites-frequency,sites-frequency,1,xz,314572206,19630260,16.025,179.88,,OK,
"clinvar.vcf.gz",sites-annotated,sites-annotated,1,our_method_vcfzl,314572453,23857709,13.185,6.80,,OK,archetype_used=sites-annotated
"clinvar.vcf.gz",sites-annotated,sites-annotated,1,gzip,314572453,28720667,10.953,10.93,,OK,
"clinvar.vcf.gz",sites-annotated,sites-annotated,1,pigz,314572453,28652581,10.979,0.71,,OK,
"clinvar.vcf.gz",sites-annotated,sites-annotated,1,zstd,314572453,21796577,14.432,31.42,,OK,
"clinvar.vcf.gz",sites-annotated,sites-annotated,1,7z,314572453,25281996,12.443,62.99,,OK,
"clinvar.vcf.gz",sites-annotated,sites-annotated,1,xz,314572453,20511728,15.336,210.34,,OK,
"sites-annotated__clinvar_GRCh37.vcf.gz",sites-annotated,sites-annotated,1,our_method_vcfzl,314572740,23842661,13.194,6.91,,OK,archetype_used=sites-annotated
"sites-annotated__clinvar_GRCh37.vcf.gz",sites-annotated,sites-annotated,1,gzip,314572740,28712404,10.956,10.91,,OK,
"sites-annotated__clinvar_GRCh37.vcf.gz",sites-annotated,sites-annotated,1,pigz,314572740,28644389,10.982,0.72,,OK,
"sites-annotated__clinvar_GRCh37.vcf.gz",sites-annotated,sites-annotated,1,zstd,314572740,21782964,14.441,31.50,,OK,
"sites-annotated__clinvar_GRCh37.vcf.gz",sites-annotated,sites-annotated,1,7z,314572740,25273421,12.447,63.43,,OK,
"sites-annotated__clinvar_GRCh37.vcf.gz",sites-annotated,sites-annotated,1,xz,314572740,20500360,15.345,209.19,,OK,
"sites-annotated__civic_nightly.vcf",sites-annotated,sites-annotated,1,our_method_vcfzl,3559291,212248,16.769,0.52,,OK,archetype_used=sites-annotated
"sites-annotated__civic_nightly.vcf",sites-annotated,sites-annotated,1,gzip,3559291,260374,13.670,0.06,,OK,
"sites-annotated__civic_nightly.vcf",sites-annotated,sites-annotated,1,pigz,3559291,260133,13.683,0.01,,OK,
"sites-annotated__civic_nightly.vcf",sites-annotated,sites-annotated,1,zstd,3559291,194054,18.342,0.85,,OK,
"sites-annotated__civic_nightly.vcf",sites-annotated,sites-annotated,1,7z,3559291,186991,19.035,0.29,,OK,
"sites-annotated__civic_nightly.vcf",sites-annotated,sites-annotated,1,xz,3559291,179968,19.777,0.90,,OK,
"HG002_GRCh38_1_22_v4.2.1_benchmark.vcf",single-sample,single-sample,1,our_method_vcfzl,314572491,5823635,54.017,4.38,,OK,archetype_used=single-sample
"HG002_GRCh38_1_22_v4.2.1_benchmark.vcf",single-sample,single-sample,1,gzip,314572491,13739179,22.896,4.92,,OK,
"HG002_GRCh38_1_22_v4.2.1_benchmark.vcf",single-sample,single-sample,1,pigz,314572491,13758160,22.864,0.32,,OK,
"HG002_GRCh38_1_22_v4.2.1_benchmark.vcf",single-sample,single-sample,1,zstd,314572491,9325663,33.732,13.24,,OK,
"HG002_GRCh38_1_22_v4.2.1_benchmark.vcf",single-sample,single-sample,1,7z,314572491,9474917,33.201,33.99,,OK,
"HG002_GRCh38_1_22_v4.2.1_benchmark.vcf",single-sample,single-sample,1,xz,314572491,8294392,37.926,53.89,,OK,
"single-sample__HG003_GRCh38_v4.2.1.vcf.gz",single-sample,single-sample,1,our_method_vcfzl,314572602,5660668,55.572,4.28,,OK,archetype_used=single-sample
"single-sample__HG003_GRCh38_v4.2.1.vcf.gz",single-sample,single-sample,1,gzip,314572602,13423279,23.435,4.79,,OK,
"single-sample__HG003_GRCh38_v4.2.1.vcf.gz",single-sample,single-sample,1,pigz,314572602,13445211,23.397,0.33,,OK,
"single-sample__HG003_GRCh38_v4.2.1.vcf.gz",single-sample,single-sample,1,zstd,314572602,9102702,34.558,13.28,,OK,
"single-sample__HG003_GRCh38_v4.2.1.vcf.gz",single-sample,single-sample,1,7z,314572602,9173371,34.292,33.42,,OK,
"single-sample__HG003_GRCh38_v4.2.1.vcf.gz",single-sample,single-sample,1,xz,314572602,8092228,38.873,53.58,,OK,
"single-sample__HG004_GRCh38_v4.2.1.vcf.gz",single-sample,single-sample,1,our_method_vcfzl,314572154,5707009,55.120,4.29,,OK,archetype_used=single-sample
"single-sample__HG004_GRCh38_v4.2.1.vcf.gz",single-sample,single-sample,1,gzip,314572154,13462918,23.366,4.75,,OK,
"single-sample__HG004_GRCh38_v4.2.1.vcf.gz",single-sample,single-sample,1,pigz,314572154,13484074,23.329,0.31,,OK,
"single-sample__HG004_GRCh38_v4.2.1.vcf.gz",single-sample,single-sample,1,zstd,314572154,9150261,34.378,13.23,,OK,
"single-sample__HG004_GRCh38_v4.2.1.vcf.gz",single-sample,single-sample,1,7z,314572154,9226706,34.094,33.37,,OK,
"single-sample__HG004_GRCh38_v4.2.1.vcf.gz",single-sample,single-sample,1,xz,314572154,8143356,38.629,53.78,,OK,
"seqc2_hcc1395_ssnv.vcf.gz",somatic,somatic,1,our_method_vcfzl,59470386,2538114,23.431,4.20,,OK,archetype_used=somatic
"seqc2_hcc1395_ssnv.vcf.gz",somatic,somatic,1,gzip,59470386,3946820,15.068,1.61,,OK,
"seqc2_hcc1395_ssnv.vcf.gz",somatic,somatic,1,pigz,59470386,3969126,14.983,0.12,,OK,
"seqc2_hcc1395_ssnv.vcf.gz",somatic,somatic,1,zstd,59470386,2412328,24.653,16.23,,OK,
"seqc2_hcc1395_ssnv.vcf.gz",somatic,somatic,1,7z,59470386,2457689,24.198,9.96,,OK,
"seqc2_hcc1395_ssnv.vcf.gz",somatic,somatic,1,xz,59470386,2175712,27.334,25.28,,OK,
"somatic__seqc2_hcc1395_sindel.vcf.gz",somatic,somatic,1,our_method_vcfzl,2443673,169284,14.435,0.46,,OK,archetype_used=somatic
"somatic__seqc2_hcc1395_sindel.vcf.gz",somatic,somatic,1,gzip,2443673,221522,11.031,0.10,,OK,
"somatic__seqc2_hcc1395_sindel.vcf.gz",somatic,somatic,1,pigz,2443673,222652,10.975,0.01,,OK,
"somatic__seqc2_hcc1395_sindel.vcf.gz",somatic,somatic,1,zstd,2443673,155793,15.685,0.86,,OK,
"somatic__seqc2_hcc1395_sindel.vcf.gz",somatic,somatic,1,7z,2443673,158793,15.389,0.40,,OK,
"somatic__seqc2_hcc1395_sindel.vcf.gz",somatic,somatic,1,xz,2443673,142500,17.149,0.96,,OK,
"somatic__seqc2_hcc1395_ssnv_superset.vcf.gz",somatic,somatic,1,our_method_vcfzl,314567115,71425225,4.404,12.86,,OK,archetype_used=somatic
"somatic__seqc2_hcc1395_ssnv_superset.vcf.gz",somatic,somatic,1,gzip,314567115,69303133,4.539,38.26,,OK,
"somatic__seqc2_hcc1395_ssnv_superset.vcf.gz",somatic,somatic,1,pigz,314567115,69379403,4.534,2.46,,OK,
"somatic__seqc2_hcc1395_ssnv_superset.vcf.gz",somatic,somatic,1,zstd,314567115,50429868,6.238,35.09,,OK,
"somatic__seqc2_hcc1395_ssnv_superset.vcf.gz",somatic,somatic,1,7z,314567115,46589768,6.752,130.79,,OK,
"somatic__seqc2_hcc1395_ssnv_superset.vcf.gz",somatic,somatic,1,xz,314567115,46491980,6.766,144.06,,OK,
"gvcf__nfcore_gatk_hc_calls_real.g.vcf.gz",gvcf,gvcf,1,our_method_vcfzl,38135143,1551124,24.585,1.16,,OK,archetype_used=gvcf
"gvcf__nfcore_gatk_hc_calls_real.g.vcf.gz",gvcf,gvcf,1,gzip,38135143,5471993,6.969,3.53,,OK,
"gvcf__nfcore_gatk_hc_calls_real.g.vcf.gz",gvcf,gvcf,1,pigz,38135143,5479838,6.959,0.24,,OK,
"gvcf__nfcore_gatk_hc_calls_real.g.vcf.gz",gvcf,gvcf,1,zstd,38135143,3603738,10.582,13.59,,OK,
"gvcf__nfcore_gatk_hc_calls_real.g.vcf.gz",gvcf,gvcf,1,7z,38135143,2919028,13.064,10.12,,OK,
"gvcf__nfcore_gatk_hc_calls_real.g.vcf.gz",gvcf,gvcf,1,xz,38135143,2835508,13.449,59.68,,OK,
"gvcf__nfcore_gatk_hc_calls2_real.g.vcf.gz",gvcf,gvcf,1,our_method_vcfzl,41422857,1819027,22.772,1.35,,OK,archetype_used=gvcf
"gvcf__nfcore_gatk_hc_calls2_real.g.vcf.gz",gvcf,gvcf,1,gzip,41422857,6012130,6.890,3.69,,OK,
"gvcf__nfcore_gatk_hc_calls2_real.g.vcf.gz",gvcf,gvcf,1,pigz,41422857,6020069,6.881,0.30,,OK,
"gvcf__nfcore_gatk_hc_calls2_real.g.vcf.gz",gvcf,gvcf,1,zstd,41422857,3949583,10.488,14.16,,OK,
"gvcf__nfcore_gatk_hc_calls2_real.g.vcf.gz",gvcf,gvcf,1,7z,41422857,3246213,12.760,10.81,,OK,
"gvcf__nfcore_gatk_hc_calls2_real.g.vcf.gz",gvcf,gvcf,1,xz,41422857,3146460,13.165,61.80,,OK,
"gvcf__nfcore_gatk_hc_genome_real.g.vcf.gz",gvcf,gvcf,1,our_method_vcfzl,22238,6664,3.337,0.16,,OK,archetype_used=gvcf
"gvcf__nfcore_gatk_hc_genome_real.g.vcf.gz",gvcf,gvcf,1,gzip,22238,5835,3.811,0.01,,OK,
"gvcf__nfcore_gatk_hc_genome_real.g.vcf.gz",gvcf,gvcf,1,pigz,22238,5843,3.806,0.01,,OK,
"gvcf__nfcore_gatk_hc_genome_real.g.vcf.gz",gvcf,gvcf,1,zstd,22238,5357,4.151,0.01,,OK,
"gvcf__nfcore_gatk_hc_genome_real.g.vcf.gz",gvcf,gvcf,1,7z,22238,4999,4.448,0.01,,OK,
"gvcf__nfcore_gatk_hc_genome_real.g.vcf.gz",gvcf,gvcf,1,xz,22238,4868,4.568,0.02,,OK,
