tool,file,orig_bytes,comp_bytes,ratio,comp_sec,decomp_sec,peak_RSS_MB,roundtrip
nyx_bed,"encode_tfbs_clustered_hg38.bed",521970377,57971647,9.004,3.01,0.50,3016.2,OK
gzip,"encode_tfbs_clustered_hg38.bed",521970377,123626440,4.222,2.93,1.37,13.6,OK
zstd,"encode_tfbs_clustered_hg38.bed",521970377,94600570,5.518,54.47,0.52,1259.3,OK
xz,"encode_tfbs_clustered_hg38.bed",521970377,87076616,5.994,200.57,2.21,2454.7,OK
xz_mt,"encode_tfbs_clustered_hg38.bed",521970377,87113200,5.992,39.02,0.58,5326.0,OK
brotli,"encode_tfbs_clustered_hg38.bed",521970377,90441998,5.771,841.08,1.51,261.2,OK
bgzip,"encode_tfbs_clustered_hg38.bed",521970377,127225690,4.103,2.77,0.29,10.3,OK
parquet,"encode_tfbs_clustered_hg38.bed",521970377,83630511,6.241,94.55,39.06,7047.1,OK
7z,"encode_tfbs_clustered_hg38.bed",521970377,89150339,5.855,109.90,2.71,1754.7,OK
nyx_bed,"screen_ccre_GRCh38.bed",129083055,14005800,9.216,4.30,0.21,1296.7,OK
gzip,"screen_ccre_GRCh38.bed",129083055,32392607,3.985,1.25,0.36,13.4,OK
zstd,"screen_ccre_GRCh38.bed",129083055,22134375,5.832,63.90,0.17,323.0,OK
xz,"screen_ccre_GRCh38.bed",129083055,18810276,6.862,471.74,1.19,757.9,OK
xz_mt,"screen_ccre_GRCh38.bed",129083055,18852772,6.847,29.28,0.16,1397.9,OK
brotli,"screen_ccre_GRCh38.bed",129083055,19972399,6.463,222.90,0.33,240.1,OK
bgzip,"screen_ccre_GRCh38.bed",129083055,32374961,3.987,1.08,0.07,10.3,OK
parquet,"screen_ccre_GRCh38.bed",129083055,18853181,6.847,44.93,9.24,1784.3,OK
7z,"screen_ccre_GRCh38.bed",129083055,19026758,6.784,63.10,1.16,684.8,OK
nyx_bed,"E003_H3K36me3.broadPeak",53239895,7362051,7.232,2.91,0.15,899.2,OK
gzip,"E003_H3K36me3.broadPeak",53239895,14890590,3.575,0.49,0.16,12.4,OK
zstd,"E003_H3K36me3.broadPeak",53239895,11661966,4.565,21.91,0.07,155.1,OK
xz,"E003_H3K36me3.broadPeak",53239895,10216376,5.211,59.55,0.57,530.7,OK
xz_mt,"E003_H3K36me3.broadPeak",53239895,10266528,5.186,2.38,0.08,675.4,OK
brotli,"E003_H3K36me3.broadPeak",53239895,10191346,5.224,87.87,0.18,232.8,OK
bgzip,"E003_H3K36me3.broadPeak",53239895,15083924,3.530,0.42,0.03,10.6,OK
parquet,"E003_H3K36me3.broadPeak",53239895,11343128,4.694,8.83,4.77,828.1,OK
7z,"E003_H3K36me3.broadPeak",53239895,10376957,5.131,19.20,0.59,532.5,OK
nyx_bed,"bp_E034-H3K9me3.broadPeak",36612401,5888359,6.218,2.79,0.12,732.1,OK
gzip,"bp_E034-H3K9me3.broadPeak",36612401,11306373,3.238,0.37,0.13,14.3,OK
zstd,"bp_E034-H3K9me3.broadPeak",36612401,8971975,4.081,16.47,0.05,137.0,OK
xz,"bp_E034-H3K9me3.broadPeak",36612401,8052996,4.546,41.66,0.42,370.7,OK
xz_mt,"bp_E034-H3K9me3.broadPeak",36612401,8104244,4.518,1.64,0.07,558.8,OK
brotli,"bp_E034-H3K9me3.broadPeak",36612401,8008628,4.572,63.53,0.14,232.0,OK
bgzip,"bp_E034-H3K9me3.broadPeak",36612401,11485823,3.188,0.32,0.02,10.6,OK
parquet,"bp_E034-H3K9me3.broadPeak",36612401,9126208,4.012,6.35,3.47,614.0,OK
7z,"bp_E034-H3K9me3.broadPeak",36612401,8169428,4.482,13.89,0.45,389.6,OK
nyx_bed,"cd_E001_15_coreMarks_dense.bed",32844256,1070731,30.675,2.00,0.12,450.3,OK
gzip,"cd_E001_15_coreMarks_dense.bed",32844256,4787635,6.860,0.32,0.06,13.2,OK
zstd,"cd_E001_15_coreMarks_dense.bed",32844256,3348959,9.807,20.51,0.04,125.1,OK
xz,"cd_E001_15_coreMarks_dense.bed",32844256,2459180,13.356,59.21,0.15,327.5,OK
xz_mt,"cd_E001_15_coreMarks_dense.bed",32844256,2553680,12.862,3.50,0.04,1266.1,OK
brotli,"cd_E001_15_coreMarks_dense.bed",32844256,3429921,9.576,53.54,0.07,202.3,OK
bgzip,"cd_E001_15_coreMarks_dense.bed",32844256,4905137,6.696,0.28,0.02,11.7,OK
parquet,"cd_E001_15_coreMarks_dense.bed",32844256,5514526,5.956,4.69,2.78,617.7,OK
7z,"cd_E001_15_coreMarks_dense.bed",32844256,2464594,13.326,7.09,0.17,358.1,OK
nyx_bed,"cd_E066_15_coreMarks_dense.bed",31624604,1065921,29.669,1.98,0.11,464.3,OK
gzip,"cd_E066_15_coreMarks_dense.bed",31624604,4629796,6.831,0.29,0.06,13.3,OK
zstd,"cd_E066_15_coreMarks_dense.bed",31624604,3220181,9.821,19.51,0.04,123.0,OK
xz,"cd_E066_15_coreMarks_dense.bed",31624604,2331236,13.566,54.91,0.15,316.6,OK
xz_mt,"cd_E066_15_coreMarks_dense.bed",31624604,2433604,12.995,3.37,0.03,1204.3,OK
brotli,"cd_E066_15_coreMarks_dense.bed",31624604,3279872,9.642,52.34,0.07,200.4,OK
bgzip,"cd_E066_15_coreMarks_dense.bed",31624604,4728774,6.688,0.27,0.02,9.7,OK
parquet,"cd_E066_15_coreMarks_dense.bed",31624604,5361793,5.898,4.61,2.72,603.0,OK
7z,"cd_E066_15_coreMarks_dense.bed",31624604,2345131,13.485,6.70,0.17,346.8,OK
nyx_bed,"E003_15_coreMarks_dense.bed",29070412,962251,30.211,1.97,0.11,408.8,OK
gzip,"E003_15_coreMarks_dense.bed",29070412,4240360,6.856,0.29,0.05,13.2,OK
zstd,"E003_15_coreMarks_dense.bed",29070412,2970240,9.787,18.21,0.03,121.0,OK
xz,"E003_15_coreMarks_dense.bed",29070412,2166984,13.415,50.47,0.14,290.9,OK
xz_mt,"E003_15_coreMarks_dense.bed",29070412,2269236,12.811,3.02,0.03,1016.3,OK
brotli,"E003_15_coreMarks_dense.bed",29070412,3031298,9.590,48.11,0.07,197.8,OK
bgzip,"E003_15_coreMarks_dense.bed",29070412,4347863,6.686,0.23,0.02,9.7,OK
parquet,"E003_15_coreMarks_dense.bed",29070412,5029543,5.780,4.21,2.73,559.6,OK
7z,"E003_15_coreMarks_dense.bed",29070412,2194818,13.245,6.18,0.15,324.9,OK
nyx_bed,"cd_E032_15_coreMarks_hg38lift_dense.bed",25559465,895693,28.536,1.69,0.09,404.4,OK
gzip,"cd_E032_15_coreMarks_hg38lift_dense.bed",25559465,3796772,6.732,0.19,0.05,13.2,OK
zstd,"cd_E032_15_coreMarks_hg38lift_dense.bed",25559465,2640820,9.679,13.42,0.03,119.1,OK
xz,"cd_E032_15_coreMarks_hg38lift_dense.bed",25559465,1959388,13.045,38.13,0.13,259.4,OK
xz_mt,"cd_E032_15_coreMarks_hg38lift_dense.bed",25559465,2041160,12.522,2.36,0.03,836.7,OK
brotli,"cd_E032_15_coreMarks_hg38lift_dense.bed",25559465,2677462,9.546,40.99,0.06,194.6,OK
bgzip,"cd_E032_15_coreMarks_hg38lift_dense.bed",25559465,3874009,6.598,0.16,0.02,9.7,OK
parquet,"cd_E032_15_coreMarks_hg38lift_dense.bed",25559465,4776420,5.351,3.67,2.28,508.0,OK
7z,"cd_E032_15_coreMarks_hg38lift_dense.bed",25559465,1969967,12.975,4.65,0.14,295.4,OK
nyx_bed,"E114_DNase.narrowPeak",25417591,2068685,12.287,1.56,0.07,457.6,OK
gzip,"E114_DNase.narrowPeak",25417591,5119716,4.965,0.17,0.06,13.2,OK
zstd,"E114_DNase.narrowPeak",25417591,3695024,6.879,11.47,0.03,116.8,OK
xz,"E114_DNase.narrowPeak",25417591,3094928,8.213,26.12,0.21,257.0,OK
xz_mt,"E114_DNase.narrowPeak",25417591,3145440,8.081,1.16,0.03,836.9,OK
brotli,"E114_DNase.narrowPeak",25417591,3252055,7.816,41.43,0.07,221.8,OK
bgzip,"E114_DNase.narrowPeak",25417591,5167453,4.919,0.14,0.02,10.0,OK
parquet,"E114_DNase.narrowPeak",25417591,3849509,6.603,3.45,2.43,511.2,OK
7z,"E114_DNase.narrowPeak",25417591,3114819,8.160,5.99,0.22,294.9,OK
nyx_bed,"cd_E097_15_coreMarks_hg38lift_dense.bed",25009597,892774,28.013,1.63,0.10,412.8,OK
gzip,"cd_E097_15_coreMarks_hg38lift_dense.bed",25009597,3701295,6.757,0.20,0.04,11.5,OK
zstd,"cd_E097_15_coreMarks_hg38lift_dense.bed",25009597,2576912,9.705,12.88,0.03,117.1,OK
xz,"cd_E097_15_coreMarks_hg38lift_dense.bed",25009597,1908356,13.105,37.38,0.13,251.9,OK
xz_mt,"cd_E097_15_coreMarks_hg38lift_dense.bed",25009597,1977200,12.649,2.27,0.04,775.6,OK
brotli,"cd_E097_15_coreMarks_hg38lift_dense.bed",25009597,2612085,9.575,40.83,0.05,194.4,OK
bgzip,"cd_E097_15_coreMarks_hg38lift_dense.bed",25009597,3768535,6.636,0.16,0.01,9.7,OK
parquet,"cd_E097_15_coreMarks_hg38lift_dense.bed",25009597,4745885,5.270,3.65,2.24,511.2,OK
7z,"cd_E097_15_coreMarks_hg38lift_dense.bed",25009597,1911081,13.087,4.42,0.14,289.6,OK
nyx_bed,"bp_E063-H3K27me3.broadPeak",24853354,4256214,5.839,2.46,0.09,601.7,OK
gzip,"bp_E063-H3K27me3.broadPeak",24853354,8060276,3.083,0.29,0.09,15.8,OK
zstd,"bp_E063-H3K27me3.broadPeak",24853354,6605879,3.762,11.49,0.04,121.1,OK
xz,"bp_E063-H3K27me3.broadPeak",24853354,5835852,4.259,27.49,0.31,253.8,OK
xz_mt,"bp_E063-H3K27me3.broadPeak",24853354,5878112,4.228,1.25,0.04,778.9,OK
brotli,"bp_E063-H3K27me3.broadPeak",24853354,5768712,4.308,45.77,0.11,214.2,OK
bgzip,"bp_E063-H3K27me3.broadPeak",24853354,8203100,3.030,0.24,0.02,12.5,OK
parquet,"bp_E063-H3K27me3.broadPeak",24853354,6822827,3.643,4.25,2.39,470.7,OK
7z,"bp_E063-H3K27me3.broadPeak",24853354,5883168,4.224,8.59,0.32,288.5,OK
nyx_bed,"bp_E001-H3K27me3.broadPeak",23402487,3881388,6.029,2.43,0.08,583.2,OK
gzip,"bp_E001-H3K27me3.broadPeak",23402487,7304370,3.204,0.25,0.08,12.6,OK
zstd,"bp_E001-H3K27me3.broadPeak",23402487,5926396,3.949,10.90,0.03,117.2,OK
xz,"bp_E001-H3K27me3.broadPeak",23402487,5295012,4.420,25.39,0.28,239.8,OK
xz_mt,"bp_E001-H3K27me3.broadPeak",23402487,5320048,4.399,0.96,0.04,717.4,OK
brotli,"bp_E001-H3K27me3.broadPeak",23402487,5273007,4.438,42.10,0.09,224.5,OK
bgzip,"bp_E001-H3K27me3.broadPeak",23402487,7419579,3.154,0.22,0.01,10.6,OK
parquet,"bp_E001-H3K27me3.broadPeak",23402487,6423815,3.643,4.23,2.35,459.6,OK
7z,"bp_E001-H3K27me3.broadPeak",23402487,5334039,4.387,7.79,0.30,276.3,OK
nyx_bed,"fantom_cage_peaks_hg38.bed",21257603,2517061,8.445,3.09,0.07,468.5,OK
gzip,"fantom_cage_peaks_hg38.bed",21257603,5497402,3.867,0.16,0.06,12.2,OK
zstd,"fantom_cage_peaks_hg38.bed",21257603,4001660,5.312,11.61,0.03,113.0,OK
xz,"fantom_cage_peaks_hg38.bed",21257603,3461140,6.142,26.22,0.21,217.1,OK
xz_mt,"fantom_cage_peaks_hg38.bed",21257603,3495900,6.081,1.56,0.03,603.2,OK
brotli,"fantom_cage_peaks_hg38.bed",21257603,3573930,5.948,37.41,0.07,201.8,OK
bgzip,"fantom_cage_peaks_hg38.bed",21257603,5529325,3.845,0.16,0.01,10.3,OK
parquet,"fantom_cage_peaks_hg38.bed",21257603,4972443,4.275,5.17,1.33,387.9,OK
7z,"fantom_cage_peaks_hg38.bed",21257603,3532022,6.019,6.16,0.23,258.9,OK
nyx_bed,"gp_E016-H3K4me1.gappedPeak",14382489,3141015,4.579,2.04,0.06,553.4,OK
gzip,"gp_E016-H3K4me1.gappedPeak",14382489,5669187,2.537,0.14,0.06,12.6,OK
zstd,"gp_E016-H3K4me1.gappedPeak",14382489,4783510,3.007,6.69,0.03,108.1,OK
xz,"gp_E016-H3K4me1.gappedPeak",14382489,4472072,3.216,11.19,0.21,154.7,OK
xz_mt,"gp_E016-H3K4me1.gappedPeak",14382489,4529876,3.175,0.52,0.03,259.7,OK
brotli,"gp_E016-H3K4me1.gappedPeak",14382489,4500619,3.196,25.86,0.07,181.1,OK
bgzip,"gp_E016-H3K4me1.gappedPeak",14382489,5802137,2.479,0.12,0.01,10.7,OK
parquet,"gp_E016-H3K4me1.gappedPeak",14382489,6388253,2.251,3.83,1.40,344.8,OK
7z,"gp_E016-H3K4me1.gappedPeak",14382489,4480699,3.210,4.10,0.21,166.9,OK
nyx_bed,"bp_E011-H3K4me3.broadPeak",14144384,2646367,5.345,2.23,0.05,562.1,OK
gzip,"bp_E011-H3K4me3.broadPeak",14144384,4776516,2.961,0.16,0.05,12.3,OK
zstd,"bp_E011-H3K4me3.broadPeak",14144384,3895366,3.631,6.94,0.02,106.2,OK
xz,"bp_E011-H3K4me3.broadPeak",14144384,3499700,4.042,13.01,0.19,151.3,OK
xz_mt,"bp_E011-H3K4me3.broadPeak",14144384,3518036,4.021,0.58,0.03,245.8,OK
brotli,"bp_E011-H3K4me3.broadPeak",14144384,3449776,4.100,24.95,0.06,182.2,OK
bgzip,"bp_E011-H3K4me3.broadPeak",14144384,4865546,2.907,0.13,0.01,10.5,OK
parquet,"bp_E011-H3K4me3.broadPeak",14144384,4466351,3.167,3.24,1.45,337.8,OK
7z,"bp_E011-H3K4me3.broadPeak",14144384,3526556,4.011,4.02,0.20,164.6,OK
nyx_bed,"cs_E001_15_coreMarks_hg38lift_segments.bed",14071759,1108910,12.690,1.60,0.06,429.5,OK
gzip,"cs_E001_15_coreMarks_hg38lift_segments.bed",14071759,2938561,4.789,0.14,0.03,12.1,OK
zstd,"cs_E001_15_coreMarks_hg38lift_segments.bed",14071759,2009742,7.002,6.26,0.03,104.0,OK
xz,"cs_E001_15_coreMarks_hg38lift_segments.bed",14071759,1535612,9.164,14.83,0.10,148.0,OK
xz_mt,"cs_E001_15_coreMarks_hg38lift_segments.bed",14071759,1663016,8.462,0.95,0.02,234.5,OK
brotli,"cs_E001_15_coreMarks_hg38lift_segments.bed",14071759,2021814,6.960,21.88,0.04,165.7,OK
bgzip,"cs_E001_15_coreMarks_hg38lift_segments.bed",14071759,2935136,4.794,0.13,0.01,10.1,OK
parquet,"cs_E001_15_coreMarks_hg38lift_segments.bed",14071759,2911272,4.834,8.35,1.98,394.4,OK
7z,"cs_E001_15_coreMarks_hg38lift_segments.bed",14071759,1524066,9.233,2.36,0.12,165.5,OK
nyx_bed,"np_E119-H3K36me3.narrowPeak",13542393,1195892,11.324,1.60,0.06,412.9,OK
gzip,"np_E119-H3K36me3.narrowPeak",13542393,2865682,4.726,0.09,0.03,12.0,OK
zstd,"np_E119-H3K36me3.narrowPeak",13542393,2082667,6.502,5.66,0.02,104.0,OK
xz,"np_E119-H3K36me3.narrowPeak",13542393,1781104,7.603,10.05,0.12,143.4,OK
xz_mt,"np_E119-H3K36me3.narrowPeak",13542393,1801748,7.516,0.50,0.02,231.6,OK
brotli,"np_E119-H3K36me3.narrowPeak",13542393,1858035,7.289,21.27,0.04,156.5,OK
bgzip,"np_E119-H3K36me3.narrowPeak",13542393,2890453,4.685,0.09,0.01,11.3,OK
parquet,"np_E119-H3K36me3.narrowPeak",13542393,2451985,5.523,2.10,1.39,345.6,OK
7z,"np_E119-H3K36me3.narrowPeak",13542393,1820266,7.440,2.63,0.12,160.2,OK
nyx_bed,"cs_E096_15_coreMarks_hg38lift_segments.bed",13327468,1063946,12.526,1.59,0.06,433.6,OK
gzip,"cs_E096_15_coreMarks_hg38lift_segments.bed",13327468,2781782,4.791,0.13,0.03,11.2,OK
zstd,"cs_E096_15_coreMarks_hg38lift_segments.bed",13327468,1855043,7.184,5.78,0.03,104.1,OK
xz,"cs_E096_15_coreMarks_hg38lift_segments.bed",13327468,1434672,9.290,12.80,0.10,141.0,OK
xz_mt,"cs_E096_15_coreMarks_hg38lift_segments.bed",13327468,1532552,8.696,0.94,0.02,221.6,OK
brotli,"cs_E096_15_coreMarks_hg38lift_segments.bed",13327468,1880621,7.087,22.21,0.04,163.9,OK
bgzip,"cs_E096_15_coreMarks_hg38lift_segments.bed",13327468,2774062,4.804,0.11,0.01,9.7,OK
parquet,"cs_E096_15_coreMarks_hg38lift_segments.bed",13327468,2788560,4.779,2.22,1.48,401.1,OK
7z,"cs_E096_15_coreMarks_hg38lift_segments.bed",13327468,1412543,9.435,2.15,0.11,159.0,OK
nyx_bed,"np_E021-H3K4me1.narrowPeak",12680078,1221137,10.384,1.51,0.05,409.2,OK
gzip,"np_E021-H3K4me1.narrowPeak",12680078,2795538,4.536,0.10,0.03,13.9,OK
zstd,"np_E021-H3K4me1.narrowPeak",12680078,2087403,6.075,5.02,0.02,104.0,OK
xz,"np_E021-H3K4me1.narrowPeak",12680078,1778740,7.129,9.12,0.11,134.1,OK
xz_mt,"np_E021-H3K4me1.narrowPeak",12680078,1803344,7.031,0.50,0.02,220.6,OK
brotli,"np_E021-H3K4me1.narrowPeak",12680078,1856757,6.829,20.22,0.04,152.3,OK
bgzip,"np_E021-H3K4me1.narrowPeak",12680078,2820146,4.496,0.09,0.01,10.0,OK
parquet,"np_E021-H3K4me1.narrowPeak",12680078,2425402,5.228,2.02,1.32,323.3,OK
7z,"np_E021-H3K4me1.narrowPeak",12680078,1804491,7.027,2.40,0.12,152.9,OK
nyx_bed,"cs_E065_15_coreMarks_hg38lift_segments.bed",11702778,981938,11.918,1.58,0.06,428.5,OK
gzip,"cs_E065_15_coreMarks_hg38lift_segments.bed",11702778,2442817,4.791,0.10,0.03,13.7,OK
zstd,"cs_E065_15_coreMarks_hg38lift_segments.bed",11702778,1685200,6.944,5.26,0.02,102.1,OK
xz,"cs_E065_15_coreMarks_hg38lift_segments.bed",11702778,1239132,9.444,10.97,0.08,126.4,OK
xz_mt,"cs_E065_15_coreMarks_hg38lift_segments.bed",11702778,1350888,8.663,0.95,0.02,197.9,OK
brotli,"cs_E065_15_coreMarks_hg38lift_segments.bed",11702778,1693045,6.912,19.07,0.03,163.2,OK
bgzip,"cs_E065_15_coreMarks_hg38lift_segments.bed",11702778,2436575,4.803,0.10,0.01,10.1,OK
parquet,"cs_E065_15_coreMarks_hg38lift_segments.bed",11702778,2538466,4.610,1.94,1.29,354.6,OK
7z,"cs_E065_15_coreMarks_hg38lift_segments.bed",11702778,1281842,9.130,1.86,0.10,143.4,OK
nyx_bed,"E003_H3K4me1.gappedPeak",11549731,2490331,4.638,2.02,0.05,448.9,OK
gzip,"E003_H3K4me1.gappedPeak",11549731,4540841,2.544,0.12,0.05,12.7,OK
zstd,"E003_H3K4me1.gappedPeak",11549731,3836587,3.010,5.15,0.02,104.0,OK
xz,"E003_H3K4me1.gappedPeak",11549731,3579288,3.227,7.84,0.17,127.5,OK
xz_mt,"E003_H3K4me1.gappedPeak",11549731,3618396,3.192,0.48,0.03,211.7,OK
brotli,"E003_H3K4me1.gappedPeak",11549731,3599717,3.209,20.48,0.06,153.9,OK
bgzip,"E003_H3K4me1.gappedPeak",11549731,4646033,2.486,0.11,0.01,10.8,OK
parquet,"E003_H3K4me1.gappedPeak",11549731,5427263,2.128,3.02,1.17,279.5,OK
7z,"E003_H3K4me1.gappedPeak",11549731,3581313,3.225,2.93,0.18,143.1,OK
nyx_bed,"cs_E032_15_coreMarks_hg38lift_segments.bed",10795711,895135,12.060,1.45,0.05,430.7,OK
gzip,"cs_E032_15_coreMarks_hg38lift_segments.bed",10795711,2286153,4.722,0.09,0.03,11.9,OK
zstd,"cs_E032_15_coreMarks_hg38lift_segments.bed",10795711,1506214,7.167,4.54,0.02,100.1,OK
xz,"cs_E032_15_coreMarks_hg38lift_segments.bed",10795711,1219520,8.852,9.90,0.08,113.3,OK
xz_mt,"cs_E032_15_coreMarks_hg38lift_segments.bed",10795711,1290328,8.367,0.96,0.02,181.5,OK
brotli,"cs_E032_15_coreMarks_hg38lift_segments.bed",10795711,1556198,6.937,18.22,0.03,150.5,OK
bgzip,"cs_E032_15_coreMarks_hg38lift_segments.bed",10795711,2281956,4.731,0.08,0.01,9.4,OK
parquet,"cs_E032_15_coreMarks_hg38lift_segments.bed",10795711,2388246,4.520,1.82,1.21,336.1,OK
7z,"cs_E032_15_coreMarks_hg38lift_segments.bed",10795711,1218255,8.862,1.70,0.09,136.1,OK
nyx_bed,"bp_E115-H3K36me3.broadPeak",10334568,1804046,5.729,2.05,0.04,539.7,OK
gzip,"bp_E115-H3K36me3.broadPeak",10334568,3329659,3.104,0.12,0.04,13.7,OK
zstd,"bp_E115-H3K36me3.broadPeak",10334568,2723864,3.794,4.94,0.02,100.1,OK
xz,"bp_E115-H3K36me3.broadPeak",10334568,2395796,4.314,8.44,0.13,113.6,OK
xz_mt,"bp_E115-H3K36me3.broadPeak",10334568,2414744,4.280,0.55,0.02,180.5,OK
brotli,"bp_E115-H3K36me3.broadPeak",10334568,2376399,4.349,17.61,0.04,132.2,OK
bgzip,"bp_E115-H3K36me3.broadPeak",10334568,3387872,3.050,0.11,0.01,10.5,OK
parquet,"bp_E115-H3K36me3.broadPeak",10334568,3610357,2.862,2.39,1.11,288.0,OK
7z,"bp_E115-H3K36me3.broadPeak",10334568,2445686,4.226,2.46,0.14,133.0,OK
nyx_bed,"np_E065-H3K27ac.narrowPeak",9750230,1083604,8.998,1.50,0.03,401.5,OK
gzip,"np_E065-H3K27ac.narrowPeak",9750230,2267153,4.301,0.07,0.02,11.9,OK
zstd,"np_E065-H3K27ac.narrowPeak",9750230,1737600,5.611,3.81,0.01,99.9,OK
xz,"np_E065-H3K27ac.narrowPeak",9750230,1526492,6.387,6.24,0.09,106.9,OK
xz_mt,"np_E065-H3K27ac.narrowPeak",9750230,1541088,6.327,0.48,0.02,171.4,OK
brotli,"np_E065-H3K27ac.narrowPeak",9750230,1578492,6.177,15.24,0.03,137.8,OK
bgzip,"np_E065-H3K27ac.narrowPeak",9750230,2287245,4.263,0.08,0.01,10.1,OK
parquet,"np_E065-H3K27ac.narrowPeak",9750230,2262264,4.310,1.78,1.05,287.7,OK
7z,"np_E065-H3K27ac.narrowPeak",9750230,1546119,6.306,1.63,0.10,126.6,OK
nyx_bed,"bp_E090-H3K27ac.broadPeak",8914144,1708618,5.217,2.00,0.03,551.4,OK
gzip,"bp_E090-H3K27ac.broadPeak",8914144,3073244,2.901,0.10,0.03,13.8,OK
zstd,"bp_E090-H3K27ac.broadPeak",8914144,2516157,3.543,3.89,0.01,102.2,OK
xz,"bp_E090-H3K27ac.broadPeak",8914144,2262892,3.939,6.59,0.12,98.5,OK
xz_mt,"bp_E090-H3K27ac.broadPeak",8914144,2271800,3.924,0.53,0.02,156.7,OK
brotli,"bp_E090-H3K27ac.broadPeak",8914144,2241850,3.976,14.72,0.04,121.5,OK
bgzip,"bp_E090-H3K27ac.broadPeak",8914144,3128213,2.850,0.10,0.01,10.5,OK
parquet,"bp_E090-H3K27ac.broadPeak",8914144,3463196,2.574,2.42,0.96,273.1,OK
7z,"bp_E090-H3K27ac.broadPeak",8914144,2278292,3.913,1.94,0.13,119.1,OK
nyx_bed,"np_E103-H3K4me3.narrowPeak",6455396,741914,8.701,1.25,0.02,320.5,OK
gzip,"np_E103-H3K4me3.narrowPeak",6455396,1535306,4.205,0.06,0.02,11.7,OK
zstd,"np_E103-H3K4me3.narrowPeak",6455396,1168954,5.522,2.14,0.01,99.5,OK
xz,"np_E103-H3K4me3.narrowPeak",6455396,1009468,6.395,3.30,0.06,74.2,OK
xz_mt,"np_E103-H3K4me3.narrowPeak",6455396,1020488,6.326,0.45,0.02,117.9,OK
brotli,"np_E103-H3K4me3.narrowPeak",6455396,1046239,6.170,9.67,0.02,99.8,OK
bgzip,"np_E103-H3K4me3.narrowPeak",6455396,1550067,4.165,0.05,0.00,9.1,OK
parquet,"np_E103-H3K4me3.narrowPeak",6455396,1524318,4.235,1.22,0.75,225.1,OK
7z,"np_E103-H3K4me3.narrowPeak",6455396,1023654,6.306,0.90,0.07,82.7,OK
nyx_bed,"np_E001-H3K27me3.narrowPeak",6357854,716391,8.875,1.16,0.03,328.2,OK
gzip,"np_E001-H3K27me3.narrowPeak",6357854,1481252,4.292,0.06,0.02,11.3,OK
zstd,"np_E001-H3K27me3.narrowPeak",6357854,1106865,5.744,2.11,0.01,97.4,OK
xz,"np_E001-H3K27me3.narrowPeak",6357854,969644,6.557,3.28,0.06,72.0,OK
xz_mt,"np_E001-H3K27me3.narrowPeak",6357854,980184,6.486,0.47,0.02,115.2,OK
brotli,"np_E001-H3K27me3.narrowPeak",6357854,1004862,6.327,9.59,0.02,99.9,OK
bgzip,"np_E001-H3K27me3.narrowPeak",6357854,1495348,4.252,0.05,0.01,10.7,OK
parquet,"np_E001-H3K27me3.narrowPeak",6357854,1532708,4.148,1.21,0.74,223.4,OK
7z,"np_E001-H3K27me3.narrowPeak",6357854,984637,6.457,0.96,0.07,82.3,OK
nyx_bed,"np_E042-H3K9me3.narrowPeak",5313599,545240,9.745,0.96,0.02,303.0,OK
gzip,"np_E042-H3K9me3.narrowPeak",5313599,1196268,4.442,0.04,0.01,12.0,OK
zstd,"np_E042-H3K9me3.narrowPeak",5313599,870376,6.105,1.76,0.02,95.4,OK
xz,"np_E042-H3K9me3.narrowPeak",5313599,766324,6.934,2.79,0.06,62.9,OK
xz_mt,"np_E042-H3K9me3.narrowPeak",5313599,773812,6.867,0.47,0.02,97.3,OK
brotli,"np_E042-H3K9me3.narrowPeak",5313599,788964,6.735,8.37,0.02,86.0,OK
bgzip,"np_E042-H3K9me3.narrowPeak",5313599,1205853,4.407,0.04,0.00,9.5,OK
parquet,"np_E042-H3K9me3.narrowPeak",5313599,1220141,4.355,1.09,0.69,208.2,OK
7z,"np_E042-H3K9me3.narrowPeak",5313599,777134,6.837,0.77,0.06,74.2,OK
nyx_bed,"gp_E110-H3K9ac.gappedPeak",4676395,1127310,4.148,1.17,0.02,289.0,OK
gzip,"gp_E110-H3K9ac.gappedPeak",4676395,1904638,2.455,0.05,0.02,10.5,OK
zstd,"gp_E110-H3K9ac.gappedPeak",4676395,1631387,2.867,1.53,0.01,93.6,OK
xz,"gp_E110-H3K9ac.gappedPeak",4676395,1532384,3.052,2.52,0.08,58.5,OK
xz_mt,"gp_E110-H3K9ac.gappedPeak",4676395,1540044,3.037,0.43,0.02,88.6,OK
brotli,"gp_E110-H3K9ac.gappedPeak",4676395,1536173,3.044,7.44,0.03,96.5,OK
bgzip,"gp_E110-H3K9ac.gappedPeak",4676395,1947004,2.402,0.05,0.00,8.5,OK
parquet,"gp_E110-H3K9ac.gappedPeak",4676395,2251546,2.077,1.35,0.59,164.5,OK
7z,"gp_E110-H3K9ac.gappedPeak",4676395,1532917,3.051,0.76,0.08,67.2,OK
nyx_bed,"gp_E078-H3K4me3.gappedPeak",4606503,1062458,4.336,1.10,0.02,293.8,OK
gzip,"gp_E078-H3K4me3.gappedPeak",4606503,1860605,2.476,0.05,0.02,12.3,OK
zstd,"gp_E078-H3K4me3.gappedPeak",4606503,1576791,2.921,1.51,0.01,93.4,OK
xz,"gp_E078-H3K4me3.gappedPeak",4606503,1474168,3.125,2.40,0.07,56.8,OK
xz_mt,"gp_E078-H3K4me3.gappedPeak",4606503,1480648,3.111,0.40,0.02,88.6,OK
brotli,"gp_E078-H3K4me3.gappedPeak",4606503,1478877,3.115,7.38,0.03,91.4,OK
bgzip,"gp_E078-H3K4me3.gappedPeak",4606503,1897564,2.428,0.05,0.00,9.5,OK
parquet,"gp_E078-H3K4me3.gappedPeak",4606503,2203520,2.091,1.33,0.61,163.7,OK
7z,"gp_E078-H3K4me3.gappedPeak",4606503,1477757,3.117,0.76,0.08,67.4,OK
nyx_bed,"gp_E001-H3K27me3.gappedPeak",3757702,916664,4.099,0.93,0.02,268.3,OK
gzip,"gp_E001-H3K27me3.gappedPeak",3757702,1537278,2.444,0.04,0.01,12.2,OK
zstd,"gp_E001-H3K27me3.gappedPeak",3757702,1322692,2.841,1.17,0.01,61.5,OK
xz,"gp_E001-H3K27me3.gappedPeak",3757702,1248636,3.009,1.84,0.06,48.3,OK
xz_mt,"gp_E001-H3K27me3.gappedPeak",3757702,1253772,2.997,0.41,0.02,72.3,OK
brotli,"gp_E001-H3K27me3.gappedPeak",3757702,1246667,3.014,6.16,0.02,64.0,OK
bgzip,"gp_E001-H3K27me3.gappedPeak",3757702,1574047,2.387,0.04,0.00,9.5,OK
parquet,"gp_E001-H3K27me3.gappedPeak",3757702,1815515,2.070,1.13,0.49,135.2,OK
7z,"gp_E001-H3K27me3.gappedPeak",3757702,1247904,3.011,0.55,0.06,52.5,OK
nyx_bed,"np_E008-H2BK15ac.narrowPeak",3496465,341951,10.225,0.66,0.01,232.8,OK
gzip,"np_E008-H2BK15ac.narrowPeak",3496465,790722,4.422,0.03,0.01,13.4,OK
zstd,"np_E008-H2BK15ac.narrowPeak",3496465,603159,5.797,1.15,0.01,61.0,OK
xz,"np_E008-H2BK15ac.narrowPeak",3496465,532180,6.570,1.82,0.04,43.2,OK
xz_mt,"np_E008-H2BK15ac.narrowPeak",3496465,537540,6.505,0.46,0.01,64.5,OK
brotli,"np_E008-H2BK15ac.narrowPeak",3496465,550622,6.350,5.25,0.01,66.6,OK
bgzip,"np_E008-H2BK15ac.narrowPeak",3496465,796469,4.390,0.03,0.00,9.2,OK
parquet,"np_E008-H2BK15ac.narrowPeak",3496465,864581,4.044,0.73,0.50,155.3,OK
7z,"np_E008-H2BK15ac.narrowPeak",3496465,538313,6.495,0.50,0.04,50.5,OK
nyx_bed,"gp_E045-H3K4me3.gappedPeak",3031863,710004,4.270,0.73,0.01,224.7,OK
gzip,"gp_E045-H3K4me3.gappedPeak",3031863,1238426,2.448,0.04,0.01,10.6,OK
zstd,"gp_E045-H3K4me3.gappedPeak",3031863,1056033,2.871,0.90,0.01,59.1,OK
xz,"gp_E045-H3K4me3.gappedPeak",3031863,990644,3.060,1.45,0.05,45.4,OK
xz_mt,"gp_E045-H3K4me3.gappedPeak",3031863,993684,3.051,0.37,0.02,58.2,OK
brotli,"gp_E045-H3K4me3.gappedPeak",3031863,988542,3.067,4.81,0.02,65.6,OK
bgzip,"gp_E045-H3K4me3.gappedPeak",3031863,1263438,2.400,0.03,0.00,9.1,OK
parquet,"gp_E045-H3K4me3.gappedPeak",3031863,1433445,2.115,0.95,0.44,124.5,OK
7z,"gp_E045-H3K4me3.gappedPeak",3031863,991603,3.058,0.42,0.05,44.7,OK
nyx_bed,"np_E084-H3K4me3.narrowPeak",2848655,437494,6.511,0.54,0.01,213.0,OK
gzip,"np_E084-H3K4me3.narrowPeak",2848655,795154,3.583,0.03,0.01,12.0,OK
zstd,"np_E084-H3K4me3.narrowPeak",2848655,626493,4.547,0.87,0.00,59.0,OK
xz,"np_E084-H3K4me3.narrowPeak",2848655,543296,5.243,1.38,0.03,39.6,OK
xz_mt,"np_E084-H3K4me3.narrowPeak",2848655,547220,5.206,0.43,0.02,54.2,OK
brotli,"np_E084-H3K4me3.narrowPeak",2848655,557288,5.112,4.15,0.01,60.1,OK
bgzip,"np_E084-H3K4me3.narrowPeak",2848655,804430,3.541,0.04,0.00,8.2,OK
parquet,"np_E084-H3K4me3.narrowPeak",2848655,880011,3.237,0.70,0.43,144.1,OK
7z,"np_E084-H3K4me3.narrowPeak",2848655,548059,5.198,0.35,0.03,44.2,OK
