tool,file,orig_bytes,comp_bytes,ratio,comp_sec,decomp_sec,peak_RSS_MB,roundtrip
nyx,"GRCh38.p14.fa",3346495805,695633920,4.811,16.42,10.89,2683.2,OK
naf-1,"GRCh38.p14.fa",3346495805,731386465,4.576,13.36,6.60,7.2,OK
naf-20,"GRCh38.p14.fa",3346495805,673246220,4.971,1201.48,7.16,869.2,OK
gzip,"GRCh38.p14.fa",3346495805,897361884,3.729,165.75,10.08,,OK
zstd,"GRCh38.p14.fa",3346495805,776641897,4.309,290.94,3.32,,OK
xz,"GRCh38.p14.fa",3346495805,740626488,4.518,367.45,2.89,,OK
nyx,"GRCm39.fa",2773696683,575078400,4.823,14.55,9.78,2629.0,OK
naf-1,"GRCm39.fa",2773696683,617854148,4.489,11.10,5.10,6.9,OK
naf-20,"GRCm39.fa",2773696683,554241247,5.004,1035.75,6.07,865.1,OK
gzip,"GRCm39.fa",2773696683,774681541,3.580,140.41,8.70,,OK
zstd,"GRCm39.fa",2773696683,642896862,4.314,250.29,2.80,,OK
xz,"GRCm39.fa",2773696683,614031292,4.517,285.75,2.49,,OK
nyx,"T2T-CHM13v2.0.fa",3156243558,712468480,4.430,20.47,9.80,3077.8,OK
naf-1,"T2T-CHM13v2.0.fa",3156243558,728676986,4.331,13.40,6.08,9.0,OK
naf-20,"T2T-CHM13v2.0.fa",3156243558,677256406,4.660,1169.78,7.83,885.1,OK
gzip,"T2T-CHM13v2.0.fa",3156243558,933180978,3.382,104.04,10.35,,OK
zstd,"T2T-CHM13v2.0.fa",3156243558,782797154,4.032,250.73,3.93,,OK
xz,"T2T-CHM13v2.0.fa",3156243558,751019948,4.203,286.15,2.85,,OK
nyx,"wheat_IWGSC.fa",14789717189,2693652480,5.491,150.69,69.95,3983.2,OK
naf-1,"wheat_IWGSC.fa",14789717189,3277776254,4.512,58.33,28.50,15.0,OK
naf-20,"wheat_IWGSC.fa",14789717189,1786580809,8.278,5408.39,33.23,887.3,OK
gzip,"wheat_IWGSC.fa",14789717189,4099486071,3.608,647.23,45.56,,OK
zstd,"wheat_IWGSC.fa",14789717189,2404325401,6.151,1177.98,20.39,,OK
xz,"wheat_IWGSC.fa",14789717189,2054258352,7.200,1353.32,8.09,,OK
7z,"GRCh38.p14.fa",3346495805,739063318,4.528,585.68,7.45,7301.7,OK
7z,"GRCm39.fa",2773696683,613364315,4.522,580.58,6.98,,OK
7z,"T2T-CHM13v2.0.fa",3156243558,751634670,4.199,586.09,6.18,,OK
7z,"wheat_IWGSC.fa",14789717189,2031162488,7.281,2112.90,19.34,,OK
