tool,file,orig_bytes,comp_bytes,ratio,comp_sec,decomp_sec,roundtrip
7z,"1000G.chr20.phase3.vcf",18417917686,98635081,186.728,92.00,19.48,OK
7z,"1000G.chr22.200k.vcf",2032176394,12711195,159.873,14.65,2.29,OK
7z,"1000G.chr22.phase3.vcf",11212370718,64930078,172.684,60.01,13.34,OK
7z,"civic_nightly.vcf",3567757,187772,19.000,0.47,0.06,OK
7z,"clinvar_GRCh38.vcf",1939342821,155719227,12.454,65.67,3.24,OK
7z,"gnomad_v4.1_genomes_chrY.vcf",4629640924,293844304,15.755,148.58,5.49,OK
7z,"gvcf_nfcore_test1.g.vcf",38135224,2918989,13.065,9.84,0.28,OK
7z,"gvcf_nfcore_test2.g.vcf",41422938,3246174,12.761,10.72,0.53,OK
7z,"HG002_GRCh38_v4.2.1.vcf",2836801603,85020812,33.366,63.33,4.15,OK
7z,"HG003_GRCh38_v4.2.1.vcf",2755453169,80046099,34.423,58.85,3.48,OK
7z,"HG004_GRCh38_v4.2.1.vcf",2780057613,81285689,34.201,57.92,3.53,OK
7z,"seqc2_hcc1395_sindel.vcf",2445232,158856,15.393,0.54,0.11,OK
7z,"seqc2_hcc1395_ssnv_superset.vcf",1492470879,234950412,6.352,148.54,3.46,OK
7z,"seqc2_hcc1395_ssnv.vcf",59471898,2457716,24.198,8.84,0.29,OK
7z,"GRCh38.p14.fa",3346495805,739063318,4.528,585.68,7.45,OK
7z,"GRCm39.fa",2773696683,613364315,4.522,580.58,6.98,OK
7z,"T2T-CHM13v2.0.fa",3156243558,751634670,4.199,586.09,6.18,OK
7z,"wheat_IWGSC.fa",14789717189,2031162488,7.281,2112.90,19.34,OK
7z,"DRR206632.fastq",1243630445,122346628,10.165,129.09,2.61,OK
7z,"ERR4186945_1.fastq",11906696971,1680706913,7.084,1017.80,19.17,OK
7z,"ERR9539079.fastq",14643049497,2165635398,6.762,1089.29,18.61,OK
7z,"ERR9539086.fastq",8378114689,1318874251,6.352,648.82,13.11,OK
7z,"ERR9539093.fastq",12016137402,1808668434,6.644,953.90,15.04,OK
7z,"SRR8899104.fastq",27965580935,4115077411,6.796,2171.93,30.24,OK
