format,file,orig_bytes,threads,comp_bytes,ratio,comp_sec,decomp_sec,comp_MBps,peak_RSS_MB,roundtrip
VCF,"HG002_GRCh38_v4.2.1.vcf",2836801603,1,57110183,49.672,87.38,26.17,32.5,509.7,OK
VCF,"HG002_GRCh38_v4.2.1.vcf",2836801603,2,57110183,49.672,46.31,13.00,61.3,836.7,OK
VCF,"HG002_GRCh38_v4.2.1.vcf",2836801603,4,57110183,49.672,18.97,5.11,149.5,1446.0,OK
VCF,"HG002_GRCh38_v4.2.1.vcf",2836801603,8,57110183,49.672,9.73,3.91,291.6,2810.2,OK
VCF,"HG002_GRCh38_v4.2.1.vcf",2836801603,16,57110183,49.672,6.12,2.25,463.5,5265.9,OK
FASTA,"GRCm39.fa",2773696683,1,574648320,4.827,74.51,37.24,37.2,1038.9,OK
FASTA,"GRCm39.fa",2773696683,2,574648320,4.827,45.77,24.79,60.6,1532.3,OK
FASTA,"GRCm39.fa",2773696683,4,574648320,4.827,24.39,17.55,113.7,2404.2,OK
FASTA,"GRCm39.fa",2773696683,8,574648320,4.827,17.33,10.60,160.1,3199.6,OK
FASTA,"GRCm39.fa",2773696683,16,575078400,4.823,15.73,9.34,176.3,2586.9,OK
FASTQ,"ERR9539086.fastq",8378114689,1,1061846770,7.890,1160.05,13.05,7.2,4660.9,OK
FASTQ,"ERR9539086.fastq",8378114689,2,1062180751,7.888,602.88,10.18,13.9,2362.1,OK
FASTQ,"ERR9539086.fastq",8378114689,4,1061720101,7.891,370.37,10.60,22.6,1805.5,OK
FASTQ,"ERR9539086.fastq",8378114689,8,1061744590,7.891,225.51,10.80,37.2,1931.8,OK
FASTQ,"ERR9539086.fastq",8378114689,16,1064474212,7.871,137.95,11.72,60.7,2148.5,OK
