File,Type,Schema/Format,Original_MB,ZSTD_Ratio,ZSTD_Comp_sec,ZSTD_Decomp_sec,ZSTD_Valid,GZIP_Ratio,GZIP_Comp_sec,GZIP_Decomp_sec,GZIP_Valid,XZ_Ratio,XZ_Comp_sec,XZ_Decomp_sec,XZ_Valid,Genozip_Ratio,Genozip_Comp_sec,Genozip_Decomp_sec,Genozip_Valid,SPRING_Ratio,SPRING_Comp_sec,SPRING_Decomp_sec,SPRING_Valid,OpenZL_Ratio,OpenZL_Comp_sec,OpenZL_Decomp_sec,OpenZL_Valid
ALL.chr22.vcf,VCF,"2513 Cols, Phased",10692.95,169.9,41.83,35.14,PASS,70.4,58.52,48.42,PASS,171.57,41.92,45.0,PASS,208.18,29.73,45.02,PASS,FAIL,7.37,0.0,FAIL,212.57,267.49,189.92,PASS
ERR9539086.fastq,FASTQ,Short Read (~96bp),7989.99,6.14,325.43,23.71,PASS,5.08,82.52,38.19,PASS,6.36,499.08,88.8,PASS,9.01,13.27,29.05,PASS,7.5,192.53,95.83,PASS,8.14,108.6,114.62,PASS
HG002_GRCh38_1_22_v4.2.1_benchmark.vcf,VCF,"10 Cols, Unphased",2705.38,33.75,40.34,6.22,PASS,22.95,2.84,17.49,PASS,33.36,24.37,20.0,PASS,65.68,4.69,5.39,PASS,FAIL,1.91,0.0,FAIL,56.57,24.28,18.87,PASS
HG002_GRCh38_benchmark.vcf,VCF,"10 Cols, Unphased",2705.38,33.75,40.82,9.49,PASS,22.95,2.83,8.41,PASS,33.36,24.42,18.85,PASS,65.65,4.83,10.82,PASS,FAIL,1.88,0.0,FAIL,56.57,31.0,18.7,PASS
SRR8899104.fastq,FASTQ,Short Read (~51bp),26670.06,5.56,1256.63,86.76,PASS,4.05,331.9,212.76,PASS,6.79,1455.08,287.31,PASS,8.07,62.91,56.62,PASS,9.62,393.87,205.77,PASS,8.09,423.47,273.68,FAIL
cohort_59col.vcf,VCF,"59 Cols, Phased",360.83,24.64,12.12,0.57,PASS,19.18,1.03,1.27,PASS,25.79,35.01,1.88,PASS,46.16,5.44,2.75,PASS,FAIL,0.35,0.0,FAIL,34.82,7.14,3.7,PASS
cohort_59col_normalized.vcf,VCF,"59 Cols, Phased",362.88,24.84,10.86,0.58,PASS,19.38,1.02,1.07,PASS,26.0,35.2,1.9,PASS,46.65,5.56,2.68,PASS,FAIL,0.37,0.0,FAIL,35.16,6.67,3.94,PASS
sites_only_8col.vcf,VCF,"8 Cols, Phased",148.69,12.24,20.18,0.34,PASS,9.3,0.63,0.47,PASS,12.42,65.1,1.18,PASS,22.52,2.68,1.32,PASS,FAIL,0.25,0.0,FAIL,15.92,3.04,1.22,PASS
trio_12col.vcf,VCF,"12 Cols, Phased",160.78,13.17,19.89,0.33,PASS,10.21,0.52,0.48,PASS,13.19,61.95,1.26,PASS,23.69,3.13,1.37,PASS,FAIL,0.24,0.0,FAIL,16.62,3.96,1.72,PASS
