File,Type,Schema/Format,Original_MB,OpenZL_Ratio,OpenZL_Comp_sec
ALL.chr22.vcf,VCF,"2513 Cols, Phased",10692.95,212.57,247.12
ERR9539086.fastq,FASTQ,Short Read (~96bp),7989.99,8.14,88.02
HG002_GRCh38_1_22_v4.2.1_benchmark.vcf,VCF,"10 Cols, Unphased",2705.38,56.57,21.49
HG002_GRCh38_benchmark.vcf,VCF,"10 Cols, Unphased",2705.38,56.57,23.93
SRR8899104.fastq,FASTQ,Short Read (~51bp),26670.06,8.09,408.9
cohort_59col.vcf,VCF,"59 Cols, Phased",360.83,34.82,6.81
cohort_59col_normalized.vcf,VCF,"59 Cols, Phased",362.88,35.16,6.49
sites_only_8col.vcf,VCF,"8 Cols, Phased",148.69,15.92,3.01
trio_12col.vcf,VCF,"12 Cols, Phased",160.78,16.62,3.24
