File,Type,Schema/Format,Original_MB,OpenZL_Ratio,OpenZL_Comp_sec,ZSTD_Ratio,ZSTD_Comp_sec,ZSTD_Decomp_sec,ZSTD_Mem_MB,GZIP_Ratio,GZIP_Comp_sec,GZIP_Decomp_sec,GZIP_Mem_MB,Genozip_Ratio,Genozip_Comp_sec,Genozip_Decomp_sec,Genozip_Mem_MB,SPRING_Ratio,SPRING_Comp_sec,SPRING_Decomp_sec,SPRING_Mem_MB
ALL.chr22.vcf,VCF,2513 Cols,10692.95,212.57,240.81,FAIL,39.07,0.0,1933.59,70.4,58.42,27.55,7.5,FAIL,0.01,0.0,0.75,FAIL,0.01,0.0,0.75
ERR9539086.fastq,FASTQ,Universal,7989.99,7.99,95.52,6.14,328.68,17.98,2010.81,5.08,82.2,32.09,6.75,FAIL,0.01,0.0,0.75,FAIL,0.01,0.0,0.75
HG002_GRCh38_1_22_v4.2.1_benchmark.vcf,VCF,10 Cols,2705.38,56.57,18.12,33.75,40.2,3.92,1922.29,22.95,2.8,7.11,6.75,FAIL,0.01,0.0,0.75,FAIL,0.01,0.0,0.75
HG002_GRCh38_benchmark.vcf,VCF,10 Cols,2705.38,56.57,18.11,33.75,39.62,3.91,1936.85,22.95,2.82,7.07,6.75,FAIL,0.01,0.0,0.75,FAIL,0.01,0.0,0.75
SRR8899104.fastq,FASTQ,Universal,26670.06,8.05,432.75,5.56,1238.88,59.13,2049.28,4.05,328.82,114.11,8.25,FAIL,0.02,0.0,0.75,FAIL,0.01,0.0,0.75
cohort_59col.vcf,VCF,59 Cols,360.83,34.82,6.5,24.64,10.62,0.57,1358.93,19.18,1.04,0.92,6.75,FAIL,0.01,0.0,0.75,FAIL,0.01,0.0,0.75
cohort_59col_normalized.vcf,VCF,59 Cols,362.88,35.16,6.51,24.84,10.89,0.55,1360.98,19.38,1.02,0.94,6.75,FAIL,0.01,0.0,0.75,FAIL,0.01,0.0,0.75
sites_only_8col.vcf,VCF,8 Cols,148.69,15.92,3.33,12.24,19.76,0.28,575.63,9.3,0.61,0.47,6.0,FAIL,0.01,0.0,0.75,FAIL,0.01,0.0,0.75
trio_12col.vcf,VCF,12 Cols,160.78,16.62,3.06,13.17,20.31,0.31,669.33,10.21,0.51,0.48,6.75,FAIL,0.01,0.0,0.75,FAIL,0.01,0.0,0.75
