file,level,orig_bytes,comp_bytes,ratio,comp_sec,decomp_sec,peak_RSS_MB,roundtrip
"civic_nightly.vcf",default,3567757,207917,17.160,0.91,0.05,36.7,OK
"civic_nightly.vcf",12,3567757,199447,17.888,0.15,0.03,75.0,OK
"civic_nightly.vcf",16,3567757,190112,18.767,0.63,0.03,61.4,OK
"civic_nightly.vcf",19,3567757,187679,19.010,1.51,0.03,78.0,OK
"gvcf_nfcore_test1.g.vcf",default,38135224,2033726,18.751,1.36,0.56,189.3,OK
"gvcf_nfcore_test1.g.vcf",12,38135224,2003168,19.037,2.23,0.55,220.0,OK
"gvcf_nfcore_test1.g.vcf",16,38135224,1928970,19.770,6.04,0.56,211.8,OK
"gvcf_nfcore_test1.g.vcf",19,38135224,1891514,20.161,18.34,0.55,261.7,OK
"HG002_GRCh38_v4.2.1.vcf",default,2836801603,57300566,49.507,4.51,2.12,5187.1,OK
"HG002_GRCh38_v4.2.1.vcf",12,2836801603,56123153,50.546,6.19,2.09,5713.7,OK
"HG002_GRCh38_v4.2.1.vcf",16,2836801603,54770746,51.794,32.56,2.16,5591.2,OK
"HG002_GRCh38_v4.2.1.vcf",19,2836801603,54643157,51.915,44.93,2.34,6408.6,OK
