tool,file,orig_bytes,comp_bytes,ratio,comp_sec,peak_RSS_MB
nyx_vcf,"1000G.chr22.phase3.vcf",11212370718,25966385,431.803,54.32,3183.1
nyx_vcf_2GBbudget,"1000G.chr22.phase3.vcf",11212370718,29395209,381.435,53.13,1251.1
gzip,"1000G.chr22.phase3.vcf",11212370718,159276126,70.396,84.70,10.8
zstd,"1000G.chr22.phase3.vcf",11212370718,63973169,175.267,56.50,2568.2
xz,"1000G.chr22.phase3.vcf",11212370718,52258108,214.558,143.88,13884.2
nyx_vcf,"clinvar_GRCh38.vcf",1939342821,115039149,16.858,9.76,5050.8
nyx_vcf_2GBbudget,"clinvar_GRCh38.vcf",1939342821,114068753,17.002,8.18,1953.1
gzip,"clinvar_GRCh38.vcf",1939342821,176258697,11.003,5.89,13.0
zstd,"clinvar_GRCh38.vcf",1939342821,134073277,14.465,126.46,2661.1
xz,"clinvar_GRCh38.vcf",1939342821,126301048,15.355,340.23,8489.2
nyx_vcf,"HG002_GRCh38_v4.2.1.vcf",2836801603,57110183,49.672,8.56,5319.3
nyx_vcf_2GBbudget,"HG002_GRCh38_v4.2.1.vcf",2836801603,58681071,48.343,8.31,1700.3
gzip,"HG002_GRCh38_v4.2.1.vcf",2836801603,123632937,22.945,7.40,11.0
zstd,"HG002_GRCh38_v4.2.1.vcf",2836801603,83099629,34.137,85.40,2580.8
xz,"HG002_GRCh38_v4.2.1.vcf",2836801603,74476340,38.090,95.69,11573.8
