tool,file,archetype,orig_bytes,comp_bytes,ratio,comp_sec,decomp_sec,comp_MBps,peak_RSS_MB,roundtrip
nyx_vcf,"seqc2_hcc1395_ssnv.vcf",somatic,59471898,1931224,30.795,4.50,0.65,13.2,307.3,OK
gzip,"seqc2_hcc1395_ssnv.vcf",somatic,59471898,3969186,14.983,1.00,0.11,59.5,,OK
zstd,"seqc2_hcc1395_ssnv.vcf",somatic,59471898,2379765,24.991,39.16,0.13,1.5,,OK
xz,"seqc2_hcc1395_ssnv.vcf",somatic,59471898,2175752,27.334,42.78,0.24,1.4,,OK
bcf,"seqc2_hcc1395_ssnv.vcf",somatic,59471898,4687094,12.688,0.44,0.11,135.2,,LOSSY_FORMAT
nyx_vcf,"civic_nightly.vcf",sites-annotated,3567757,207728,17.175,0.35,0.06,10.2,39.0,OK
gzip,"civic_nightly.vcf",sites-annotated,3567757,260670,13.687,0.03,0.02,118.9,,OK
zstd,"civic_nightly.vcf",sites-annotated,3567757,194405,18.352,2.03,0.03,1.8,,OK
xz,"civic_nightly.vcf",sites-annotated,3567757,180632,19.752,2.33,0.03,1.5,,OK
bcf,"civic_nightly.vcf",sites-annotated,3567757,0,0.000,0.02,0.01,178.4,,LOSSY_FORMAT
nyx_vcf,"gvcf_nfcore_test2.g.vcf",gvcf,41422938,2261611,18.316,4.96,1.84,8.4,231.0,OK
gzip,"gvcf_nfcore_test2.g.vcf",gvcf,41422938,6020057,6.881,0.32,0.10,129.4,,OK
zstd,"gvcf_nfcore_test2.g.vcf",gvcf,41422938,3873008,10.695,33.55,0.20,1.2,,OK
xz,"gvcf_nfcore_test2.g.vcf",gvcf,41422938,3146468,13.165,96.64,0.37,0.4,,OK
bcf,"gvcf_nfcore_test2.g.vcf",gvcf,41422938,6358821,6.514,0.53,0.23,78.2,,LOSSY_FORMAT
nyx_vcf,"gnomad_v4.1_genomes_chrY.vcf",sites-frequency,4629640924,239901002,19.298,23.80,6.42,194.5,6391.3,OK
gzip,"gnomad_v4.1_genomes_chrY.vcf",sites-frequency,4629640924,459658811,10.072,12.67,11.99,365.4,,OK
zstd,"gnomad_v4.1_genomes_chrY.vcf",sites-frequency,4629640924,294664263,15.712,411.68,5.99,11.2,,OK
xz,"gnomad_v4.1_genomes_chrY.vcf",sites-frequency,4629640924,262587400,17.631,804.56,1.80,5.8,,OK
bcf,"gnomad_v4.1_genomes_chrY.vcf",sites-frequency,4629640924,481365562,9.618,20.61,20.12,224.6,,LOSSY_FORMAT
nyx_vcf,"seqc2_hcc1395_ssnv_superset.vcf",somatic,1492470879,230455118,6.476,19.35,4.36,77.1,7412.5,OK
gzip,"seqc2_hcc1395_ssnv_superset.vcf",somatic,1492470879,344745631,4.329,15.11,8.73,98.8,,OK
zstd,"seqc2_hcc1395_ssnv_superset.vcf",somatic,1492470879,249655059,5.978,126.20,1.89,11.8,,OK
xz,"seqc2_hcc1395_ssnv_superset.vcf",somatic,1492470879,232565188,6.417,236.15,2.61,6.3,,OK
bcf,"seqc2_hcc1395_ssnv_superset.vcf",somatic,1492470879,352478414,4.234,16.21,12.85,92.1,,LOSSY_FORMAT
nyx_vcf,"clinvar_GRCh38.vcf",sites-annotated,1939342821,115039149,16.858,11.66,2.04,166.3,5219.6,OK
gzip,"clinvar_GRCh38.vcf",sites-annotated,1939342821,176258697,11.003,5.11,4.27,379.5,,OK
zstd,"clinvar_GRCh38.vcf",sites-annotated,1939342821,134073277,14.465,115.32,2.42,16.8,,OK
xz,"clinvar_GRCh38.vcf",sites-annotated,1939342821,126301048,15.355,310.75,1.05,6.2,,OK
bcf,"clinvar_GRCh38.vcf",sites-annotated,1939342821,0,0.000,0.02,0.01,96967.1,,LOSSY_FORMAT
nyx_vcf,"HG002_GRCh38_v4.2.1.vcf",single-sample,2836801603,57110183,49.672,8.28,2.55,342.6,5248.8,OK
gzip,"HG002_GRCh38_v4.2.1.vcf",single-sample,2836801603,123632937,22.945,4.49,5.87,631.8,,OK
zstd,"HG002_GRCh38_v4.2.1.vcf",single-sample,2836801603,83099629,34.137,56.02,3.44,50.6,,OK
xz,"HG002_GRCh38_v4.2.1.vcf",single-sample,2836801603,74476340,38.090,80.55,0.88,35.2,,OK
bcf,"HG002_GRCh38_v4.2.1.vcf",single-sample,2836801603,165364534,17.155,10.65,5.49,266.4,,LOSSY_FORMAT
nyx_vcf,"HG004_GRCh38_v4.2.1.vcf",single-sample,2780057613,53307032,52.152,10.28,2.82,270.4,5289.6,OK
gzip,"HG004_GRCh38_v4.2.1.vcf",single-sample,2780057613,118891263,23.383,4.29,6.75,648.0,,OK
zstd,"HG004_GRCh38_v4.2.1.vcf",single-sample,2780057613,80183509,34.671,55.12,3.39,50.4,,OK
xz,"HG004_GRCh38_v4.2.1.vcf",single-sample,2780057613,71811912,38.713,76.61,0.78,36.3,,OK
bcf,"HG004_GRCh38_v4.2.1.vcf",single-sample,2780057613,156598204,17.753,9.54,3.87,291.4,,LOSSY_FORMAT
nyx_vcf,"1000G.chr22.phase3.vcf",panel,11212370718,25966385,431.803,46.45,32.82,241.4,3347.4,OK
gzip,"1000G.chr22.phase3.vcf",panel,11212370718,159276126,70.396,70.54,21.49,159.0,,OK
zstd,"1000G.chr22.phase3.vcf",panel,11212370718,63973169,175.267,48.78,14.14,229.9,,OK
xz,"1000G.chr22.phase3.vcf",panel,11212370718,52258108,214.558,129.71,2.01,86.4,,OK
bcf,"1000G.chr22.phase3.vcf",panel,11212370718,156340985,71.717,76.67,96.30,146.2,,LOSSY_FORMAT
nyx_vcf,"1000G.chr20.phase3.vcf",panel,18417917686,39298062,468.672,104.77,53.99,175.8,3343.8,OK
gzip,"1000G.chr20.phase3.vcf",panel,18417917686,253612760,72.622,111.22,35.89,165.6,,OK
zstd,"1000G.chr20.phase3.vcf",panel,18417917686,97219193,189.447,73.28,19.85,251.3,,OK
xz,"1000G.chr20.phase3.vcf",panel,18417917686,79277084,232.323,185.89,3.13,99.1,,OK
bcf,"1000G.chr20.phase3.vcf",panel,18417917686,249104608,73.936,123.72,172.12,148.9,,LOSSY_FORMAT
7z,"1000G.chr20.phase3.vcf",panel,18417917686,98635081,186.728,92.00,19.48,200.2,,OK
7z,"1000G.chr22.phase3.vcf",panel,11212370718,64930078,172.684,60.01,13.34,186.8,6726.6,OK
7z,"civic_nightly.vcf",sites-annotated,3567757,187772,19.000,0.47,0.06,7.6,,OK
7z,"clinvar_GRCh38.vcf",sites-annotated,1939342821,155719227,12.454,65.67,3.24,29.5,,OK
7z,"gnomad_v4.1_genomes_chrY.vcf",sites-frequency,4629640924,293844304,15.755,148.58,5.49,31.2,,OK
7z,"gvcf_nfcore_test2.g.vcf",gvcf,41422938,3246174,12.761,10.72,0.53,3.9,,OK
7z,"HG002_GRCh38_v4.2.1.vcf",single-sample,2836801603,85020812,33.366,63.33,4.15,44.8,,OK
7z,"HG004_GRCh38_v4.2.1.vcf",single-sample,2780057613,81285689,34.201,57.92,3.53,48.0,,OK
7z,"seqc2_hcc1395_ssnv_superset.vcf",somatic,1492470879,234950412,6.352,148.54,3.46,10.0,,OK
7z,"seqc2_hcc1395_ssnv.vcf",somatic,59471898,2457716,24.198,8.84,0.29,6.7,,OK
