format,tool,ratio,seconds,input_bytes,output_bytes
BED,NYX,6.84,0.96,491811719,71928750
BED,xz,4.47,28.78,491811719,109965576
BED,7z,4.47,32.59,491811719,109987134
BED,zstd -7,3.31,0.70,491811719,148603563
BED,bgzip,3.28,0.73,491811719,149998145
BED,pigz -9,3.25,4.13,491811719,151310840
BED,gzip,3.23,33.10,491811719,152079769
BED,bgzip -l2,3.03,0.55,491811719,162516664
VCF,NYX,173.72,1.36,838862116,4828827
VCF,xz,138.36,3.35,838862116,6062772
VCF,7z,117.23,10.57,838862116,7155946
VCF,zstd -7,83.49,0.73,838862116,10047037
VCF,pigz -9,63.02,4.38,838862116,13310660
VCF,bgzip,50.32,2.00,838862116,16671123
VCF,bgzip -l2,43.64,2.17,838862116,19223139
FASTA,NYX,4.43,2.00,2762330512,623443213
FASTA,xz,4.18,152.11,2762330512,661569664
FASTA,7z,4.19,298.67,2762330512,658599644
FASTA,zstd -7,3.30,3.55,2762330512,836628166
FASTA,pigz -9,3.31,104.13,2762330512,834694311
FASTA,gzip,3.21,554.51,2762330512,859944784
FASTA,bgzip,3.15,30.50,2762330512,877809853
FASTA,bgzip -l2,2.90,4.38,2762330512,952567257
FASTQ,NYX,8.45,0.75,529696262,62671627
FASTQ,xz,6.21,27.46,529696262,85262136
FASTQ,7z,6.10,27.17,529696262,86787911
FASTQ,zstd -7,5.12,0.53,529696262,103533380
FASTQ,pigz -9,5.05,5.18,529696262,104934765
FASTQ,bgzip,4.97,0.74,529696262,106653015
FASTQ,gzip,4.93,37.38,529696262,107439833
FASTQ,bgzip -l2,4.43,0.25,529696262,119647334
